timeStamp,elapsed,label,responseCode,responseMessage,threadName,dataType,success,failureMessage,bytes,sentBytes,grpThreads,allThreads,URL,Latency,IdleTime,Connect
1621476557332,567,HTTP Request,200,OK,Thread Group 1-32,text,true,,367,155,125,125,http://localhost:8084/?token=466662735&user=1964513752&conf=2,566,0,39
1621476557330,576,HTTP Request,200,OK,Thread Group 1-124,text,true,,367,155,125,125,http://localhost:8084/?token=466662735&user=1964513752&conf=2,576,0,41
1621476557332,574,HTTP Request,200,OK,Thread Group 1-88,text,true,,367,155,125,125,http://localhost:8084/?token=466662735&user=1964513752&conf=2,574,0,39
1621476557331,575,HTTP Request,200,OK,Thread Group 1-53,text,true,,367,155,125,125,http://localhost:8084/?token=466662735&user=1964513752&conf=2,575,0,40
1621476557331,575,HTTP Request,200,OK,Thread Group 1-96,text,true,,367,155,125,125,http://localhost:8084/?token=466662735&user=1964513752&conf=2,575,0,40
1621476557332,604,HTTP Request,200,OK,Thread Group 1-28,text,true,,367,155,125,125,http://localhost:8084/?token=466662735&user=1964513752&conf=2,604,0,39
1621476557331,605,HTTP Request,200,OK,Thread Group 1-121,text,true,,367,155,125,125,http://localhost:8084/?token=466662735&user=1964513752&conf=2,605,0,41
1621476557331,605,HTTP Request,200,OK,Thread Group 1-17,text,true,,367,155,125,125,http://localhost:8084/?token=466662735&user=1964513752&conf=2,605,0,40
1621476557331,605,HTTP Request,200,OK,Thread Group 1-116,text,true,,367,155,125,125,http://localhost:8084/?token=466662735&user=1964513752&conf=2,605,0,41
1621476557332,607,HTTP Request,200,OK,Thread Group 1-21,text,true,,367,155,125,125,http://localhost:8084/?token=466662735&user=1964513752&conf=2,607,0,39
1621476557332,607,HTTP Request,200,OK,Thread Group 1-122,text,true,,367,155,125,125,http://localhost:8084/?token=466662735&user=1964513752&conf=2,607,0,40
1621476557331,608,HTTP Request,200,OK,Thread Group 1-9,text,true,,367,155,125,125,http://localhost:8084/?token=466662735&user=1964513752&conf=2,608,0,43
1621476557332,607,HTTP Request,200,OK,Thread Group 1-33,text,true,,367,155,125,125,http://localhost:8084/?token=466662735&user=1964513752&conf=2,607,0,44
1621476557332,612,HTTP Request,200,OK,Thread Group 1-93,text,true,,367,155,125,125,http://localhost:8084/?token=466662735&user=1964513752&conf=2,612,0,40
1621476557331,613,HTTP Request,200,OK,Thread Group 1-69,text,true,,367,155,125,125,http://localhost:8084/?token=466662735&user=1964513752&conf=2,613,0,42
1621476557331,613,HTTP Request,200,OK,Thread Group 1-37,text,true,,367,155,125,125,http://localhost:8084/?token=466662735&user=1964513752&conf=2,613,0,44
1621476557331,613,HTTP Request,200,OK,Thread Group 1-66,text,true,,367,155,125,125,http://localhost:8084/?token=466662735&user=1964513752&conf=2,613,0,47
1621476557330,619,HTTP Request,200,OK,Thread Group 1-102,text,true,,367,155,125,125,http://localhost:8084/?token=466662735&user=1964513752&conf=2,619,0,45
1621476557330,619,HTTP Request,200,OK,Thread Group 1-117,text,true,,367,155,125,125,http://localhost:8084/?token=466662735&user=1964513752&conf=2,619,0,46
1621476557331,618,HTTP Request,200,OK,Thread Group 1-74,text,true,,367,155,125,125,http://localhost:8084/?token=466662735&user=1964513752&conf=2,618,0,44
1621476557332,617,HTTP Request,200,OK,Thread Group 1-119,text,true,,367,155,125,125,http://localhost:8084/?token=466662735&user=1964513752&conf=2,617,0,46
1621476557330,624,HTTP Request,200,OK,Thread Group 1-29,text,true,,367,155,125,125,http://localhost:8084/?token=466662735&user=1964513752&conf=2,624,0,45
1621476557331,622,HTTP Request,200,OK,Thread Group 1-22,text,true,,367,155,125,125,http://localhost:8084/?token=466662735&user=1964513752&conf=2,622,0,42
1621476557332,622,HTTP Request,200,OK,Thread Group 1-118,text,true,,367,155,125,125,http://localhost:8084/?token=466662735&user=1964513752&conf=2,622,0,43
1621476557331,622,HTTP Request,200,OK,Thread Group 1-4,text,true,,367,155,125,125,http://localhost:8084/?token=466662735&user=1964513752&conf=2,622,0,41
1621476557332,627,HTTP Request,200,OK,Thread Group 1-83,text,true,,367,155,125,125,http://localhost:8084/?token=466662735&user=1964513752&conf=2,626,0,46
1621476557330,629,HTTP Request,200,OK,Thread Group 1-106,text,true,,367,155,125,125,http://localhost:8084/?token=466662735&user=1964513752&conf=2,628,0,43
1621476557330,629,HTTP Request,200,OK,Thread Group 1-47,text,true,,367,155,125,125,http://localhost:8084/?token=466662735&user=1964513752&conf=2,628,0,43
1621476557330,629,HTTP Request,200,OK,Thread Group 1-59,text,true,,367,155,125,125,http://localhost:8084/?token=466662735&user=1964513752&conf=2,628,0,42
1621476557331,636,HTTP Request,200,OK,Thread Group 1-34,text,true,,367,155,125,125,http://localhost:8084/?token=466662735&user=1964513752&conf=2,636,0,48
1621476557331,636,HTTP Request,200,OK,Thread Group 1-1,text,true,,367,155,125,125,http://localhost:8084/?token=466662735&user=1964513752&conf=2,636,0,41
1621476557331,636,HTTP Request,200,OK,Thread Group 1-109,text,true,,367,155,125,125,http://localhost:8084/?token=466662735&user=1964513752&conf=2,636,0,47
1621476557331,636,HTTP Request,200,OK,Thread Group 1-41,text,true,,367,155,125,125,http://localhost:8084/?token=466662735&user=1964513752&conf=2,636,0,44
1621476557331,638,HTTP Request,200,OK,Thread Group 1-89,text,true,,367,155,125,125,http://localhost:8084/?token=466662735&user=1964513752&conf=2,638,0,42
1621476557331,638,HTTP Request,200,OK,Thread Group 1-85,text,true,,367,155,125,125,http://localhost:8084/?token=466662735&user=1964513752&conf=2,638,0,47
1621476557332,637,HTTP Request,200,OK,Thread Group 1-105,text,true,,367,155,125,125,http://localhost:8084/?token=466662735&user=1964513752&conf=2,637,0,46
1621476557331,638,HTTP Request,200,OK,Thread Group 1-103,text,true,,367,155,125,125,http://localhost:8084/?token=466662735&user=1964513752&conf=2,638,0,43
1621476557332,642,HTTP Request,200,OK,Thread Group 1-95,text,true,,367,155,125,125,http://localhost:8084/?token=466662735&user=1964513752&conf=2,642,0,47
1621476557331,643,HTTP Request,200,OK,Thread Group 1-45,text,true,,367,155,125,125,http://localhost:8084/?token=466662735&user=1964513752&conf=2,643,0,48
1621476557332,642,HTTP Request,200,OK,Thread Group 1-64,text,true,,367,155,125,125,http://localhost:8084/?token=466662735&user=1964513752&conf=2,642,0,47
1621476557331,643,HTTP Request,200,OK,Thread Group 1-76,text,true,,367,155,125,125,http://localhost:8084/?token=466662735&user=1964513752&conf=2,643,0,49
1621476557329,654,HTTP Request,200,OK,Thread Group 1-25,text,true,,367,155,125,125,http://localhost:8084/?token=466662735&user=1964513752&conf=2,654,0,50
1621476557332,651,HTTP Request,200,OK,Thread Group 1-70,text,true,,367,155,125,125,http://localhost:8084/?token=466662735&user=1964513752&conf=2,651,0,47
1621476557332,651,HTTP Request,200,OK,Thread Group 1-57,text,true,,367,155,125,125,http://localhost:8084/?token=466662735&user=1964513752&conf=2,651,0,47
1621476557331,814,HTTP Request,200,OK,Thread Group 1-49,text,true,,367,155,125,125,http://localhost:8084/?token=466662735&user=1964513752&conf=2,814,0,78
1621476557329,816,HTTP Request,200,OK,Thread Group 1-50,text,true,,367,155,125,125,http://localhost:8084/?token=466662735&user=1964513752&conf=2,816,0,44
1621476557332,813,HTTP Request,200,OK,Thread Group 1-51,text,true,,367,155,125,125,http://localhost:8084/?token=466662735&user=1964513752&conf=2,813,0,73
1621476557332,813,HTTP Request,200,OK,Thread Group 1-94,text,true,,367,155,125,125,http://localhost:8084/?token=466662735&user=1964513752&conf=2,813,0,72
1621476557331,814,HTTP Request,200,OK,Thread Group 1-114,text,true,,367,155,125,125,http://localhost:8084/?token=466662735&user=1964513752&conf=2,814,0,78
1621476557332,813,HTTP Request,200,OK,Thread Group 1-110,text,true,,367,155,125,125,http://localhost:8084/?token=466662735&user=1964513752&conf=2,813,0,72
1621476557331,814,HTTP Request,200,OK,Thread Group 1-72,text,true,,367,155,125,125,http://localhost:8084/?token=466662735&user=1964513752&conf=2,814,0,77
1621476557331,814,HTTP Request,200,OK,Thread Group 1-40,text,true,,367,155,125,125,http://localhost:8084/?token=466662735&user=1964513752&conf=2,814,0,77
1621476557332,813,HTTP Request,200,OK,Thread Group 1-44,text,true,,367,155,125,125,http://localhost:8084/?token=466662735&user=1964513752&conf=2,813,0,77
1621476557330,816,HTTP Request,200,OK,Thread Group 1-75,text,true,,367,155,125,125,http://localhost:8084/?token=466662735&user=1964513752&conf=2,816,0,78
1621476557332,814,HTTP Request,200,OK,Thread Group 1-35,text,true,,367,155,125,125,http://localhost:8084/?token=466662735&user=1964513752&conf=2,814,0,76
1621476557331,814,HTTP Request,200,OK,Thread Group 1-55,text,true,,367,155,125,125,http://localhost:8084/?token=466662735&user=1964513752&conf=2,814,0,77
1621476557331,815,HTTP Request,200,OK,Thread Group 1-14,text,true,,367,155,125,125,http://localhost:8084/?token=466662735&user=1964513752&conf=2,815,0,77
1621476557331,815,HTTP Request,200,OK,Thread Group 1-111,text,true,,367,155,125,125,http://localhost:8084/?token=466662735&user=1964513752&conf=2,815,0,77
1621476557331,824,HTTP Request,200,OK,Thread Group 1-3,text,true,,367,155,125,125,http://localhost:8084/?token=466662735&user=1964513752&conf=2,824,0,68
1621476557332,823,HTTP Request,200,OK,Thread Group 1-79,text,true,,367,155,125,125,http://localhost:8084/?token=466662735&user=1964513752&conf=2,823,0,69
1621476557331,824,HTTP Request,200,OK,Thread Group 1-27,text,true,,367,155,125,125,http://localhost:8084/?token=466662735&user=1964513752&conf=2,824,0,71
1621476557330,825,HTTP Request,200,OK,Thread Group 1-38,text,true,,367,155,125,125,http://localhost:8084/?token=466662735&user=1964513752&conf=2,825,0,73
1621476557331,824,HTTP Request,200,OK,Thread Group 1-62,text,true,,367,155,125,125,http://localhost:8084/?token=466662735&user=1964513752&conf=2,824,0,72
1621476557331,824,HTTP Request,200,OK,Thread Group 1-90,text,true,,367,155,125,125,http://localhost:8084/?token=466662735&user=1964513752&conf=2,824,0,69
1621476557331,825,HTTP Request,200,OK,Thread Group 1-54,text,true,,367,155,125,125,http://localhost:8084/?token=466662735&user=1964513752&conf=2,825,0,73
1621476557330,826,HTTP Request,200,OK,Thread Group 1-10,text,true,,367,155,125,125,http://localhost:8084/?token=466662735&user=1964513752&conf=2,826,0,76
1621476557332,824,HTTP Request,200,OK,Thread Group 1-63,text,true,,367,155,125,125,http://localhost:8084/?token=466662735&user=1964513752&conf=2,824,0,72
1621476557331,825,HTTP Request,200,OK,Thread Group 1-43,text,true,,367,155,125,125,http://localhost:8084/?token=466662735&user=1964513752&conf=2,825,0,75
1621476557331,825,HTTP Request,200,OK,Thread Group 1-125,text,true,,367,155,125,125,http://localhost:8084/?token=466662735&user=1964513752&conf=2,825,0,76
1621476557331,825,HTTP Request,200,OK,Thread Group 1-98,text,true,,367,155,125,125,http://localhost:8084/?token=466662735&user=1964513752&conf=2,825,0,76
1621476557332,824,HTTP Request,200,OK,Thread Group 1-99,text,true,,367,155,125,125,http://localhost:8084/?token=466662735&user=1964513752&conf=2,824,0,75
1621476557331,825,HTTP Request,200,OK,Thread Group 1-71,text,true,,367,155,125,125,http://localhost:8084/?token=466662735&user=1964513752&conf=2,825,0,76
1621476557332,824,HTTP Request,200,OK,Thread Group 1-46,text,true,,367,155,125,125,http://localhost:8084/?token=466662735&user=1964513752&conf=2,824,0,75
1621476557330,826,HTTP Request,200,OK,Thread Group 1-113,text,true,,367,155,125,125,http://localhost:8084/?token=466662735&user=1964513752&conf=2,826,0,78
1621476557330,830,HTTP Request,200,OK,Thread Group 1-2,text,true,,367,155,125,125,http://localhost:8084/?token=466662735&user=1964513752&conf=2,830,0,68
1621476557331,829,HTTP Request,200,OK,Thread Group 1-82,text,true,,367,155,125,125,http://localhost:8084/?token=466662735&user=1964513752&conf=2,829,0,67
1621476557331,829,HTTP Request,200,OK,Thread Group 1-115,text,true,,367,155,125,125,http://localhost:8084/?token=466662735&user=1964513752&conf=2,829,0,63
1621476557331,829,HTTP Request,200,OK,Thread Group 1-15,text,true,,367,155,125,125,http://localhost:8084/?token=466662735&user=1964513752&conf=2,829,0,67
1621476557331,830,HTTP Request,200,OK,Thread Group 1-39,text,true,,367,155,125,125,http://localhost:8084/?token=466662735&user=1964513752&conf=2,830,0,65
1621476557330,831,HTTP Request,200,OK,Thread Group 1-87,text,true,,367,155,125,125,http://localhost:8084/?token=466662735&user=1964513752&conf=2,831,0,60
1621476557329,832,HTTP Request,200,OK,Thread Group 1-6,text,true,,367,155,125,125,http://localhost:8084/?token=466662735&user=1964513752&conf=2,832,0,69
1621476557331,830,HTTP Request,200,OK,Thread Group 1-12,text,true,,367,155,125,125,http://localhost:8084/?token=466662735&user=1964513752&conf=2,830,0,50
1621476557331,831,HTTP Request,200,OK,Thread Group 1-8,text,true,,367,155,125,125,http://localhost:8084/?token=466662735&user=1964513752&conf=2,831,0,51
1621476557329,833,HTTP Request,200,OK,Thread Group 1-80,text,true,,367,155,125,125,http://localhost:8084/?token=466662735&user=1964513752&conf=2,833,0,53
1621476557331,831,HTTP Request,200,OK,Thread Group 1-78,text,true,,367,155,125,125,http://localhost:8084/?token=466662735&user=1964513752&conf=2,831,0,51
1621476557331,831,HTTP Request,200,OK,Thread Group 1-100,text,true,,367,155,125,125,http://localhost:8084/?token=466662735&user=1964513752&conf=2,831,0,52
1621476557331,831,HTTP Request,200,OK,Thread Group 1-112,text,true,,367,155,125,125,http://localhost:8084/?token=466662735&user=1964513752&conf=2,831,0,53
1621476557331,831,HTTP Request,200,OK,Thread Group 1-123,text,true,,367,155,125,125,http://localhost:8084/?token=466662735&user=1964513752&conf=2,831,0,53
1621476557330,832,HTTP Request,200,OK,Thread Group 1-19,text,true,,367,155,125,125,http://localhost:8084/?token=466662735&user=1964513752&conf=2,832,0,55
1621476557331,831,HTTP Request,200,OK,Thread Group 1-120,text,true,,367,155,125,125,http://localhost:8084/?token=466662735&user=1964513752&conf=2,831,0,54
1621476557332,830,HTTP Request,200,OK,Thread Group 1-84,text,true,,367,155,125,125,http://localhost:8084/?token=466662735&user=1964513752&conf=2,830,0,53
1621476557332,830,HTTP Request,200,OK,Thread Group 1-11,text,true,,367,155,125,125,http://localhost:8084/?token=466662735&user=1964513752&conf=2,830,0,59
1621476557332,830,HTTP Request,200,OK,Thread Group 1-86,text,true,,367,155,125,125,http://localhost:8084/?token=466662735&user=1964513752&conf=2,830,0,64
1621476557331,831,HTTP Request,200,OK,Thread Group 1-42,text,true,,367,155,125,125,http://localhost:8084/?token=466662735&user=1964513752&conf=2,831,0,66
1621476557330,833,HTTP Request,200,OK,Thread Group 1-13,text,true,,367,155,125,125,http://localhost:8084/?token=466662735&user=1964513752&conf=2,833,0,52
1621476557332,831,HTTP Request,200,OK,Thread Group 1-36,text,true,,367,155,125,125,http://localhost:8084/?token=466662735&user=1964513752&conf=2,831,0,50
1621476557331,832,HTTP Request,200,OK,Thread Group 1-18,text,true,,367,155,125,125,http://localhost:8084/?token=466662735&user=1964513752&conf=2,832,0,52
1621476557332,831,HTTP Request,200,OK,Thread Group 1-67,text,true,,367,155,125,125,http://localhost:8084/?token=466662735&user=1964513752&conf=2,831,0,62
1621476557330,835,HTTP Request,200,OK,Thread Group 1-24,text,true,,367,155,125,125,http://localhost:8084/?token=466662735&user=1964513752&conf=2,835,0,52
1621476557330,835,HTTP Request,200,OK,Thread Group 1-56,text,true,,367,155,125,125,http://localhost:8084/?token=466662735&user=1964513752&conf=2,835,0,51
1621476557330,835,HTTP Request,200,OK,Thread Group 1-81,text,true,,367,155,125,125,http://localhost:8084/?token=466662735&user=1964513752&conf=2,835,0,51
1621476557330,835,HTTP Request,200,OK,Thread Group 1-73,text,true,,367,155,125,125,http://localhost:8084/?token=466662735&user=1964513752&conf=2,835,0,52
1621476557330,835,HTTP Request,200,OK,Thread Group 1-108,text,true,,367,155,125,125,http://localhost:8084/?token=466662735&user=1964513752&conf=2,835,0,53
1621476557331,834,HTTP Request,200,OK,Thread Group 1-5,text,true,,367,155,125,125,http://localhost:8084/?token=466662735&user=1964513752&conf=2,834,0,52
1621476557330,835,HTTP Request,200,OK,Thread Group 1-104,text,true,,367,155,125,125,http://localhost:8084/?token=466662735&user=1964513752&conf=2,835,0,53
1621476557331,835,HTTP Request,200,OK,Thread Group 1-68,text,true,,367,155,125,125,http://localhost:8084/?token=466662735&user=1964513752&conf=2,835,0,53
1621476557332,834,HTTP Request,200,OK,Thread Group 1-65,text,true,,367,155,125,125,http://localhost:8084/?token=466662735&user=1964513752&conf=2,834,0,52
1621476557332,834,HTTP Request,200,OK,Thread Group 1-20,text,true,,367,155,125,125,http://localhost:8084/?token=466662735&user=1964513752&conf=2,833,0,51
1621476557332,834,HTTP Request,200,OK,Thread Group 1-101,text,true,,367,155,125,125,http://localhost:8084/?token=466662735&user=1964513752&conf=2,834,0,52
1621476557331,835,HTTP Request,200,OK,Thread Group 1-61,text,true,,367,155,125,125,http://localhost:8084/?token=466662735&user=1964513752&conf=2,835,0,54
1621476557330,836,HTTP Request,200,OK,Thread Group 1-92,text,true,,367,155,125,125,http://localhost:8084/?token=466662735&user=1964513752&conf=2,836,0,55
1621476557331,835,HTTP Request,200,OK,Thread Group 1-16,text,true,,367,155,125,125,http://localhost:8084/?token=466662735&user=1964513752&conf=2,835,0,54
1621476557332,834,HTTP Request,200,OK,Thread Group 1-23,text,true,,367,155,125,125,http://localhost:8084/?token=466662735&user=1964513752&conf=2,834,0,57
1621476557330,836,HTTP Request,200,OK,Thread Group 1-58,text,true,,367,155,125,125,http://localhost:8084/?token=466662735&user=1964513752&conf=2,836,0,65
1621476557331,836,HTTP Request,200,OK,Thread Group 1-30,text,true,,367,155,125,125,http://localhost:8084/?token=466662735&user=1964513752&conf=2,836,0,49
1621476557332,835,HTTP Request,200,OK,Thread Group 1-26,text,true,,367,155,125,125,http://localhost:8084/?token=466662735&user=1964513752&conf=2,835,0,49
1621476557331,836,HTTP Request,200,OK,Thread Group 1-48,text,true,,367,155,125,125,http://localhost:8084/?token=466662735&user=1964513752&conf=2,836,0,50
1621476557330,837,HTTP Request,200,OK,Thread Group 1-107,text,true,,367,155,125,125,http://localhost:8084/?token=466662735&user=1964513752&conf=2,837,0,51
1621476557329,838,HTTP Request,200,OK,Thread Group 1-52,text,true,,367,155,125,125,http://localhost:8084/?token=466662735&user=1964513752&conf=2,838,0,52
1621476557332,835,HTTP Request,200,OK,Thread Group 1-91,text,true,,367,155,125,125,http://localhost:8084/?token=466662735&user=1964513752&conf=2,835,0,49
1621476557331,836,HTTP Request,200,OK,Thread Group 1-31,text,true,,367,155,125,125,http://localhost:8084/?token=466662735&user=1964513752&conf=2,836,0,50
1621476557332,835,HTTP Request,200,OK,Thread Group 1-7,text,true,,367,155,125,125,http://localhost:8084/?token=466662735&user=1964513752&conf=2,835,0,50
1621476557331,841,HTTP Request,200,OK,Thread Group 1-97,text,true,,367,155,125,125,http://localhost:8084/?token=466662735&user=1964513752&conf=2,841,0,50
1621476557331,841,HTTP Request,200,OK,Thread Group 1-60,text,true,,367,155,125,125,http://localhost:8084/?token=466662735&user=1964513752&conf=2,841,0,49
1621476557331,841,HTTP Request,200,OK,Thread Group 1-77,text,true,,367,155,125,125,http://localhost:8084/?token=466662735&user=1964513752&conf=2,841,0,49
1621476560186,647,HTTP Request,200,OK,Thread Group 1-8,text,true,,367,155,125,125,http://localhost:8084/?token=466662735&user=1964513752&conf=2,647,0,0
1621476560188,650,HTTP Request,200,OK,Thread Group 1-4,text,true,,367,155,125,125,http://localhost:8084/?token=466662735&user=1964513752&conf=2,650,0,0
1621476560186,652,HTTP Request,200,OK,Thread Group 1-7,text,true,,367,155,125,125,http://localhost:8084/?token=466662735&user=1964513752&conf=2,652,0,0
1621476560186,652,HTTP Request,200,OK,Thread Group 1-5,text,true,,367,155,125,125,http://localhost:8084/?token=466662735&user=1964513752&conf=2,652,0,0
1621476560186,652,HTTP Request,200,OK,Thread Group 1-2,text,true,,367,155,125,125,http://localhost:8084/?token=466662735&user=1964513752&conf=2,652,0,0
1621476560188,656,HTTP Request,200,OK,Thread Group 1-13,text,true,,367,155,125,125,http://localhost:8084/?token=466662735&user=1964513752&conf=2,656,0,0
1621476560188,656,HTTP Request,200,OK,Thread Group 1-9,text,true,,367,155,125,125,http://localhost:8084/?token=466662735&user=1964513752&conf=2,656,0,0
1621476560190,660,HTTP Request,200,OK,Thread Group 1-14,text,true,,367,155,125,125,http://localhost:8084/?token=466662735&user=1964513752&conf=2,660,0,0
1621476560188,662,HTTP Request,200,OK,Thread Group 1-12,text,true,,367,155,125,125,http://localhost:8084/?token=466662735&user=1964513752&conf=2,662,0,0
1621476560188,662,HTTP Request,200,OK,Thread Group 1-3,text,true,,367,155,125,125,http://localhost:8084/?token=466662735&user=1964513752&conf=2,662,0,0
1621476560188,670,HTTP Request,200,OK,Thread Group 1-1,text,true,,367,155,125,125,http://localhost:8084/?token=466662735&user=1964513752&conf=2,670,0,0
1621476560190,668,HTTP Request,200,OK,Thread Group 1-11,text,true,,367,155,125,125,http://localhost:8084/?token=466662735&user=1964513752&conf=2,668,0,0
1621476560188,670,HTTP Request,200,OK,Thread Group 1-10,text,true,,367,155,125,125,http://localhost:8084/?token=466662735&user=1964513752&conf=2,670,0,0
1621476560188,670,HTTP Request,200,OK,Thread Group 1-6,text,true,,367,155,125,125,http://localhost:8084/?token=466662735&user=1964513752&conf=2,670,0,0
1621476560195,667,HTTP Request,200,OK,Thread Group 1-27,text,true,,367,155,125,125,http://localhost:8084/?token=466662735&user=1964513752&conf=2,667,0,0
1621476560195,672,HTTP Request,200,OK,Thread Group 1-25,text,true,,367,155,125,125,http://localhost:8084/?token=466662735&user=1964513752&conf=2,672,0,0
1621476560195,672,HTTP Request,200,OK,Thread Group 1-23,text,true,,367,155,125,125,http://localhost:8084/?token=466662735&user=1964513752&conf=2,672,0,0
1621476560195,679,HTTP Request,200,OK,Thread Group 1-31,text,true,,367,155,125,125,http://localhost:8084/?token=466662735&user=1964513752&conf=2,679,0,0
1621476560197,677,HTTP Request,200,OK,Thread Group 1-24,text,true,,367,155,125,125,http://localhost:8084/?token=466662735&user=1964513752&conf=2,677,0,0
1621476560197,677,HTTP Request,200,OK,Thread Group 1-21,text,true,,367,155,125,125,http://localhost:8084/?token=466662735&user=1964513752&conf=2,677,0,0
1621476560197,677,HTTP Request,200,OK,Thread Group 1-19,text,true,,367,155,125,125,http://localhost:8084/?token=466662735&user=1964513752&conf=2,677,0,0
1621476560197,684,HTTP Request,200,OK,Thread Group 1-17,text,true,,367,155,125,125,http://localhost:8084/?token=466662735&user=1964513752&conf=2,684,0,0
1621476560198,687,HTTP Request,200,OK,Thread Group 1-20,text,true,,367,155,125,125,http://localhost:8084/?token=466662735&user=1964513752&conf=2,687,0,0
1621476560198,687,HTTP Request,200,OK,Thread Group 1-34,text,true,,367,155,125,125,http://localhost:8084/?token=466662735&user=1964513752&conf=2,687,0,0
1621476560198,687,HTTP Request,200,OK,Thread Group 1-28,text,true,,367,155,125,125,http://localhost:8084/?token=466662735&user=1964513752&conf=2,687,0,0
1621476560198,687,HTTP Request,200,OK,Thread Group 1-16,text,true,,367,155,125,125,http://localhost:8084/?token=466662735&user=1964513752&conf=2,687,0,0
1621476560198,694,HTTP Request,200,OK,Thread Group 1-22,text,true,,367,155,125,125,http://localhost:8084/?token=466662735&user=1964513752&conf=2,694,0,0
1621476560199,698,HTTP Request,200,OK,Thread Group 1-41,text,true,,367,155,125,125,http://localhost:8084/?token=466662735&user=1964513752&conf=2,698,0,0
1621476560199,698,HTTP Request,200,OK,Thread Group 1-15,text,true,,367,155,125,125,http://localhost:8084/?token=466662735&user=1964513752&conf=2,698,0,0
1621476560199,698,HTTP Request,200,OK,Thread Group 1-18,text,true,,367,155,125,125,http://localhost:8084/?token=466662735&user=1964513752&conf=2,698,0,0
1621476560199,698,HTTP Request,200,OK,Thread Group 1-35,text,true,,367,155,125,125,http://localhost:8084/?token=466662735&user=1964513752&conf=2,698,0,0
1621476560199,704,HTTP Request,200,OK,Thread Group 1-26,text,true,,367,155,125,125,http://localhost:8084/?token=466662735&user=1964513752&conf=2,704,0,0
1621476560199,708,HTTP Request,200,OK,Thread Group 1-39,text,true,,367,155,125,125,http://localhost:8084/?token=466662735&user=1964513752&conf=2,708,0,0
1621476560199,708,HTTP Request,200,OK,Thread Group 1-43,text,true,,367,155,125,125,http://localhost:8084/?token=466662735&user=1964513752&conf=2,708,0,0
1621476560199,708,HTTP Request,200,OK,Thread Group 1-33,text,true,,367,155,125,125,http://localhost:8084/?token=466662735&user=1964513752&conf=2,708,0,0
1621476560200,719,HTTP Request,200,OK,Thread Group 1-29,text,true,,367,155,125,125,http://localhost:8084/?token=466662735&user=1964513752&conf=2,719,0,0
1621476560199,720,HTTP Request,200,OK,Thread Group 1-30,text,true,,367,155,125,125,http://localhost:8084/?token=466662735&user=1964513752&conf=2,720,0,0
1621476560200,719,HTTP Request,200,OK,Thread Group 1-36,text,true,,367,155,125,125,http://localhost:8084/?token=466662735&user=1964513752&conf=2,719,0,0
1621476560200,719,HTTP Request,200,OK,Thread Group 1-32,text,true,,367,155,125,125,http://localhost:8084/?token=466662735&user=1964513752&conf=2,719,0,0
1621476560200,730,HTTP Request,200,OK,Thread Group 1-37,text,true,,367,155,125,125,http://localhost:8084/?token=466662735&user=1964513752&conf=2,730,0,0
1621476560200,730,HTTP Request,200,OK,Thread Group 1-46,text,true,,367,155,125,125,http://localhost:8084/?token=466662735&user=1964513752&conf=2,730,0,0
1621476560200,730,HTTP Request,200,OK,Thread Group 1-38,text,true,,367,155,125,125,http://localhost:8084/?token=466662735&user=1964513752&conf=2,730,0,0
1621476560200,731,HTTP Request,200,OK,Thread Group 1-49,text,true,,367,155,125,125,http://localhost:8084/?token=466662735&user=1964513752&conf=2,730,0,0
1621476560200,735,HTTP Request,200,OK,Thread Group 1-42,text,true,,367,155,125,125,http://localhost:8084/?token=466662735&user=1964513752&conf=2,735,0,0
1621476560200,735,HTTP Request,200,OK,Thread Group 1-50,text,true,,367,155,125,125,http://localhost:8084/?token=466662735&user=1964513752&conf=2,735,0,0
1621476560201,734,HTTP Request,200,OK,Thread Group 1-40,text,true,,367,155,125,125,http://localhost:8084/?token=466662735&user=1964513752&conf=2,734,0,0
1621476560200,740,HTTP Request,200,OK,Thread Group 1-48,text,true,,367,155,125,125,http://localhost:8084/?token=466662735&user=1964513752&conf=2,740,0,0
1621476560201,739,HTTP Request,200,OK,Thread Group 1-45,text,true,,367,155,125,125,http://localhost:8084/?token=466662735&user=1964513752&conf=2,739,0,0
1621476560201,745,HTTP Request,200,OK,Thread Group 1-54,text,true,,367,155,125,125,http://localhost:8084/?token=466662735&user=1964513752&conf=2,745,0,0
1621476560201,745,HTTP Request,200,OK,Thread Group 1-51,text,true,,367,155,125,125,http://localhost:8084/?token=466662735&user=1964513752&conf=2,745,0,0
1621476560201,745,HTTP Request,200,OK,Thread Group 1-52,text,true,,367,155,125,125,http://localhost:8084/?token=466662735&user=1964513752&conf=2,745,0,0
1621476560201,745,HTTP Request,200,OK,Thread Group 1-44,text,true,,367,155,125,125,http://localhost:8084/?token=466662735&user=1964513752&conf=2,745,0,0
1621476560201,756,HTTP Request,200,OK,Thread Group 1-47,text,true,,367,155,125,125,http://localhost:8084/?token=466662735&user=1964513752&conf=2,756,0,0
1621476560202,755,HTTP Request,200,OK,Thread Group 1-53,text,true,,367,155,125,125,http://localhost:8084/?token=466662735&user=1964513752&conf=2,755,0,0
1621476560203,754,HTTP Request,200,OK,Thread Group 1-58,text,true,,367,155,125,125,http://localhost:8084/?token=466662735&user=1964513752&conf=2,754,0,0
1621476560202,755,HTTP Request,200,OK,Thread Group 1-56,text,true,,367,155,125,125,http://localhost:8084/?token=466662735&user=1964513752&conf=2,755,0,0
1621476560203,757,HTTP Request,200,OK,Thread Group 1-62,text,true,,367,155,125,125,http://localhost:8084/?token=466662735&user=1964513752&conf=2,757,0,0
1621476560203,760,HTTP Request,200,OK,Thread Group 1-63,text,true,,367,155,125,125,http://localhost:8084/?token=466662735&user=1964513752&conf=2,760,0,0
1621476560204,768,HTTP Request,200,OK,Thread Group 1-67,text,true,,367,155,125,125,http://localhost:8084/?token=466662735&user=1964513752&conf=2,768,0,0
1621476560204,768,HTTP Request,200,OK,Thread Group 1-60,text,true,,367,155,125,125,http://localhost:8084/?token=466662735&user=1964513752&conf=2,768,0,0
1621476560204,768,HTTP Request,200,OK,Thread Group 1-55,text,true,,367,155,125,125,http://localhost:8084/?token=466662735&user=1964513752&conf=2,768,0,0
1621476560204,768,HTTP Request,200,OK,Thread Group 1-69,text,true,,367,155,125,125,http://localhost:8084/?token=466662735&user=1964513752&conf=2,768,0,0
1621476560205,770,HTTP Request,200,OK,Thread Group 1-68,text,true,,367,155,125,125,http://localhost:8084/?token=466662735&user=1964513752&conf=2,770,0,0
1621476560204,774,HTTP Request,200,OK,Thread Group 1-66,text,true,,367,155,125,125,http://localhost:8084/?token=466662735&user=1964513752&conf=2,774,0,0
1621476560205,786,HTTP Request,200,OK,Thread Group 1-64,text,true,,367,155,125,125,http://localhost:8084/?token=466662735&user=1964513752&conf=2,786,0,0
1621476560205,786,HTTP Request,200,OK,Thread Group 1-65,text,true,,367,155,125,125,http://localhost:8084/?token=466662735&user=1964513752&conf=2,786,0,0
1621476560205,786,HTTP Request,200,OK,Thread Group 1-61,text,true,,367,155,125,125,http://localhost:8084/?token=466662735&user=1964513752&conf=2,786,0,0
1621476560205,786,HTTP Request,200,OK,Thread Group 1-71,text,true,,367,155,125,125,http://localhost:8084/?token=466662735&user=1964513752&conf=2,786,0,0
1621476560205,791,HTTP Request,200,OK,Thread Group 1-59,text,true,,367,155,125,125,http://localhost:8084/?token=466662735&user=1964513752&conf=2,791,0,0
1621476560205,791,HTTP Request,200,OK,Thread Group 1-73,text,true,,367,155,125,125,http://localhost:8084/?token=466662735&user=1964513752&conf=2,791,0,0
1621476560205,793,HTTP Request,200,OK,Thread Group 1-57,text,true,,367,155,125,125,http://localhost:8084/?token=466662735&user=1964513752&conf=2,793,0,0
1621476560206,803,HTTP Request,200,OK,Thread Group 1-74,text,true,,367,155,125,125,http://localhost:8084/?token=466662735&user=1964513752&conf=2,803,0,0
1621476560206,803,HTTP Request,200,OK,Thread Group 1-76,text,true,,367,155,125,125,http://localhost:8084/?token=466662735&user=1964513752&conf=2,803,0,0
1621476560206,803,HTTP Request,200,OK,Thread Group 1-78,text,true,,367,155,125,125,http://localhost:8084/?token=466662735&user=1964513752&conf=2,803,0,0
1621476560206,803,HTTP Request,200,OK,Thread Group 1-70,text,true,,367,155,125,125,http://localhost:8084/?token=466662735&user=1964513752&conf=2,803,0,0
1621476560206,806,HTTP Request,200,OK,Thread Group 1-72,text,true,,367,155,125,125,http://localhost:8084/?token=466662735&user=1964513752&conf=2,806,0,0
1621476560208,807,HTTP Request,200,OK,Thread Group 1-80,text,true,,367,155,125,125,http://localhost:8084/?token=466662735&user=1964513752&conf=2,807,0,0
1621476560209,819,HTTP Request,200,OK,Thread Group 1-82,text,true,,367,155,125,125,http://localhost:8084/?token=466662735&user=1964513752&conf=2,819,0,0
1621476560208,820,HTTP Request,200,OK,Thread Group 1-75,text,true,,367,155,125,125,http://localhost:8084/?token=466662735&user=1964513752&conf=2,820,0,0
1621476560208,820,HTTP Request,200,OK,Thread Group 1-77,text,true,,367,155,125,125,http://localhost:8084/?token=466662735&user=1964513752&conf=2,820,0,0
1621476560208,820,HTTP Request,200,OK,Thread Group 1-81,text,true,,367,155,125,125,http://localhost:8084/?token=466662735&user=1964513752&conf=2,820,0,0
1621476560209,824,HTTP Request,200,OK,Thread Group 1-79,text,true,,367,155,125,125,http://localhost:8084/?token=466662735&user=1964513752&conf=2,824,0,0
1621476560209,831,HTTP Request,200,OK,Thread Group 1-88,text,true,,367,155,125,125,http://localhost:8084/?token=466662735&user=1964513752&conf=2,831,0,0
1621476560210,836,HTTP Request,200,OK,Thread Group 1-93,text,true,,367,155,125,125,http://localhost:8084/?token=466662735&user=1964513752&conf=2,836,0,0
1621476560210,836,HTTP Request,200,OK,Thread Group 1-92,text,true,,367,155,125,125,http://localhost:8084/?token=466662735&user=1964513752&conf=2,836,0,0
1621476560210,836,HTTP Request,200,OK,Thread Group 1-84,text,true,,367,155,125,125,http://localhost:8084/?token=466662735&user=1964513752&conf=2,836,0,0
1621476560210,836,HTTP Request,200,OK,Thread Group 1-86,text,true,,367,155,125,125,http://localhost:8084/?token=466662735&user=1964513752&conf=2,836,0,0
1621476560211,837,HTTP Request,200,OK,Thread Group 1-90,text,true,,367,155,125,125,http://localhost:8084/?token=466662735&user=1964513752&conf=2,837,0,0
1621476560211,841,HTTP Request,200,OK,Thread Group 1-96,text,true,,367,155,125,125,http://localhost:8084/?token=466662735&user=1964513752&conf=2,841,0,0
1621476560211,854,HTTP Request,200,OK,Thread Group 1-95,text,true,,367,155,125,125,http://localhost:8084/?token=466662735&user=1964513752&conf=2,854,0,0
1621476560211,854,HTTP Request,200,OK,Thread Group 1-94,text,true,,367,155,125,125,http://localhost:8084/?token=466662735&user=1964513752&conf=2,854,0,0
1621476560212,853,HTTP Request,200,OK,Thread Group 1-97,text,true,,367,155,125,125,http://localhost:8084/?token=466662735&user=1964513752&conf=2,853,0,0
1621476560211,854,HTTP Request,200,OK,Thread Group 1-91,text,true,,367,155,125,125,http://localhost:8084/?token=466662735&user=1964513752&conf=2,854,0,0
1621476560212,857,HTTP Request,200,OK,Thread Group 1-85,text,true,,367,155,125,125,http://localhost:8084/?token=466662735&user=1964513752&conf=2,857,0,0
1621476560212,860,HTTP Request,200,OK,Thread Group 1-89,text,true,,367,155,125,125,http://localhost:8084/?token=466662735&user=1964513752&conf=2,860,0,0
1621476560212,874,HTTP Request,200,OK,Thread Group 1-87,text,true,,367,155,125,125,http://localhost:8084/?token=466662735&user=1964513752&conf=2,874,0,0
1621476560212,874,HTTP Request,200,OK,Thread Group 1-100,text,true,,367,155,125,125,http://localhost:8084/?token=466662735&user=1964513752&conf=2,874,0,0
1621476560213,873,HTTP Request,200,OK,Thread Group 1-102,text,true,,367,155,125,125,http://localhost:8084/?token=466662735&user=1964513752&conf=2,873,0,0
1621476560212,874,HTTP Request,200,OK,Thread Group 1-98,text,true,,367,155,125,125,http://localhost:8084/?token=466662735&user=1964513752&conf=2,874,0,0
1621476560213,876,HTTP Request,200,OK,Thread Group 1-105,text,true,,367,155,125,125,http://localhost:8084/?token=466662735&user=1964513752&conf=2,876,0,0
1621476560212,881,HTTP Request,200,OK,Thread Group 1-101,text,true,,367,155,125,125,http://localhost:8084/?token=466662735&user=1964513752&conf=2,881,0,0
1621476560213,895,HTTP Request,200,OK,Thread Group 1-103,text,true,,367,155,125,125,http://localhost:8084/?token=466662735&user=1964513752&conf=2,895,0,0
1621476560214,894,HTTP Request,200,OK,Thread Group 1-99,text,true,,367,155,125,125,http://localhost:8084/?token=466662735&user=1964513752&conf=2,894,0,0
1621476560213,895,HTTP Request,200,OK,Thread Group 1-104,text,true,,367,155,125,125,http://localhost:8084/?token=466662735&user=1964513752&conf=2,895,0,0
1621476560212,896,HTTP Request,200,OK,Thread Group 1-83,text,true,,367,155,125,125,http://localhost:8084/?token=466662735&user=1964513752&conf=2,896,0,0
1621476560217,893,HTTP Request,200,OK,Thread Group 1-106,text,true,,367,155,125,125,http://localhost:8084/?token=466662735&user=1964513752&conf=2,893,0,0
1621476560218,895,HTTP Request,200,OK,Thread Group 1-109,text,true,,367,155,125,125,http://localhost:8084/?token=466662735&user=1964513752&conf=2,895,0,0
1621476560220,908,HTTP Request,200,OK,Thread Group 1-115,text,true,,367,155,125,125,http://localhost:8084/?token=466662735&user=1964513752&conf=2,908,0,0
1621476560219,909,HTTP Request,200,OK,Thread Group 1-108,text,true,,367,155,125,125,http://localhost:8084/?token=466662735&user=1964513752&conf=2,909,0,0
1621476560219,909,HTTP Request,200,OK,Thread Group 1-111,text,true,,367,155,125,125,http://localhost:8084/?token=466662735&user=1964513752&conf=2,909,0,0
1621476560219,909,HTTP Request,200,OK,Thread Group 1-107,text,true,,367,155,125,125,http://localhost:8084/?token=466662735&user=1964513752&conf=2,909,0,0
1621476560220,911,HTTP Request,200,OK,Thread Group 1-110,text,true,,367,155,125,125,http://localhost:8084/?token=466662735&user=1964513752&conf=2,911,0,0
1621476560221,914,HTTP Request,200,OK,Thread Group 1-119,text,true,,367,155,125,125,http://localhost:8084/?token=466662735&user=1964513752&conf=2,914,0,0
1621476560221,932,HTTP Request,200,OK,Thread Group 1-112,text,true,,367,155,125,125,http://localhost:8084/?token=466662735&user=1964513752&conf=2,932,0,0
1621476560221,932,HTTP Request,200,OK,Thread Group 1-113,text,true,,367,155,125,125,http://localhost:8084/?token=466662735&user=1964513752&conf=2,932,0,0
1621476560222,931,HTTP Request,200,OK,Thread Group 1-124,text,true,,367,155,125,125,http://localhost:8084/?token=466662735&user=1964513752&conf=2,931,0,0
1621476560221,932,HTTP Request,200,OK,Thread Group 1-117,text,true,,367,155,125,125,http://localhost:8084/?token=466662735&user=1964513752&conf=2,932,0,0
1621476560223,944,HTTP Request,200,OK,Thread Group 1-120,text,true,,367,155,125,125,http://localhost:8084/?token=466662735&user=1964513752&conf=2,944,0,0
1621476560223,944,HTTP Request,200,OK,Thread Group 1-116,text,true,,367,155,125,125,http://localhost:8084/?token=466662735&user=1964513752&conf=2,944,0,0
1621476560222,945,HTTP Request,200,OK,Thread Group 1-118,text,true,,367,155,125,125,http://localhost:8084/?token=466662735&user=1964513752&conf=2,945,0,0
1621476560222,945,HTTP Request,200,OK,Thread Group 1-114,text,true,,367,155,125,125,http://localhost:8084/?token=466662735&user=1964513752&conf=2,945,0,0
1621476560223,947,HTTP Request,200,OK,Thread Group 1-121,text,true,,367,155,125,125,http://localhost:8084/?token=466662735&user=1964513752&conf=2,947,0,0
1621476560224,951,HTTP Request,200,OK,Thread Group 1-122,text,true,,367,155,125,125,http://localhost:8084/?token=466662735&user=1964513752&conf=2,951,0,0
1621476560225,994,HTTP Request,200,OK,Thread Group 1-123,text,true,,367,155,125,125,http://localhost:8084/?token=466662735&user=1964513752&conf=2,994,0,0
1621476560226,993,HTTP Request,200,OK,Thread Group 1-125,text,true,,367,155,125,125,http://localhost:8084/?token=466662735&user=1964513752&conf=2,993,0,0
1621476563186,961,HTTP Request,200,OK,Thread Group 1-5,text,true,,367,155,125,125,http://localhost:8084/?token=466662735&user=1964513752&conf=2,960,0,0
1621476563186,977,HTTP Request,200,OK,Thread Group 1-7,text,true,,367,155,125,125,http://localhost:8084/?token=466662735&user=1964513752&conf=2,977,0,0
1621476563186,977,HTTP Request,200,OK,Thread Group 1-2,text,true,,367,155,125,125,http://localhost:8084/?token=466662735&user=1964513752&conf=2,977,0,0
1621476563186,977,HTTP Request,200,OK,Thread Group 1-9,text,true,,367,155,125,125,http://localhost:8084/?token=466662735&user=1964513752&conf=2,977,0,0
1621476563185,978,HTTP Request,200,OK,Thread Group 1-8,text,true,,367,155,125,125,http://localhost:8084/?token=466662735&user=1964513752&conf=2,978,0,0
1621476563186,981,HTTP Request,200,OK,Thread Group 1-4,text,true,,367,155,125,125,http://localhost:8084/?token=466662735&user=1964513752&conf=2,981,0,0
1621476563187,985,HTTP Request,200,OK,Thread Group 1-10,text,true,,367,155,125,125,http://localhost:8084/?token=466662735&user=1964513752&conf=2,985,0,0
1621476563187,1002,HTTP Request,200,OK,Thread Group 1-6,text,true,,367,155,125,125,http://localhost:8084/?token=466662735&user=1964513752&conf=2,1002,0,0
1621476563188,1001,HTTP Request,200,OK,Thread Group 1-13,text,true,,367,155,125,125,http://localhost:8084/?token=466662735&user=1964513752&conf=2,1001,0,0
1621476563186,1003,HTTP Request,200,OK,Thread Group 1-3,text,true,,367,155,125,125,http://localhost:8084/?token=466662735&user=1964513752&conf=2,1003,0,0
1621476563187,1002,HTTP Request,200,OK,Thread Group 1-1,text,true,,367,155,125,125,http://localhost:8084/?token=466662735&user=1964513752&conf=2,1002,0,0
1621476563188,1006,HTTP Request,200,OK,Thread Group 1-12,text,true,,367,155,125,125,http://localhost:8084/?token=466662735&user=1964513752&conf=2,1006,0,0
1621476563189,1010,HTTP Request,200,OK,Thread Group 1-14,text,true,,367,155,125,125,http://localhost:8084/?token=466662735&user=1964513752&conf=2,1010,0,0
1621476563194,1027,HTTP Request,200,OK,Thread Group 1-19,text,true,,367,155,125,125,http://localhost:8084/?token=466662735&user=1964513752&conf=2,1027,0,0
1621476563194,1027,HTTP Request,200,OK,Thread Group 1-27,text,true,,367,155,125,125,http://localhost:8084/?token=466662735&user=1964513752&conf=2,1027,0,0
1621476563189,1032,HTTP Request,200,OK,Thread Group 1-11,text,true,,367,155,125,125,http://localhost:8084/?token=466662735&user=1964513752&conf=2,1032,0,0
1621476563194,1027,HTTP Request,200,OK,Thread Group 1-21,text,true,,367,155,125,125,http://localhost:8084/?token=466662735&user=1964513752&conf=2,1027,0,0
1621476563194,1032,HTTP Request,200,OK,Thread Group 1-25,text,true,,367,155,125,125,http://localhost:8084/?token=466662735&user=1964513752&conf=2,1032,0,0
1621476563195,1037,HTTP Request,200,OK,Thread Group 1-23,text,true,,367,155,125,125,http://localhost:8084/?token=466662735&user=1964513752&conf=2,1037,0,0
1621476563196,1050,HTTP Request,200,OK,Thread Group 1-20,text,true,,367,155,125,125,http://localhost:8084/?token=466662735&user=1964513752&conf=2,1050,0,0
1621476563196,1050,HTTP Request,200,OK,Thread Group 1-16,text,true,,367,155,125,125,http://localhost:8084/?token=466662735&user=1964513752&conf=2,1050,0,0
1621476563194,1052,HTTP Request,200,OK,Thread Group 1-24,text,true,,367,155,125,125,http://localhost:8084/?token=466662735&user=1964513752&conf=2,1052,0,0
1621476563194,1052,HTTP Request,200,OK,Thread Group 1-31,text,true,,367,155,125,125,http://localhost:8084/?token=466662735&user=1964513752&conf=2,1052,0,0
1621476563196,1055,HTTP Request,200,OK,Thread Group 1-22,text,true,,367,155,125,125,http://localhost:8084/?token=466662735&user=1964513752&conf=2,1055,0,0
1621476563197,1061,HTTP Request,200,OK,Thread Group 1-35,text,true,,367,155,125,125,http://localhost:8084/?token=466662735&user=1964513752&conf=2,1061,0,0
1621476563196,1079,HTTP Request,200,OK,Thread Group 1-17,text,true,,367,155,125,125,http://localhost:8084/?token=466662735&user=1964513752&conf=2,1079,0,0
1621476563197,1078,HTTP Request,200,OK,Thread Group 1-38,text,true,,367,155,125,125,http://localhost:8084/?token=466662735&user=1964513752&conf=2,1078,0,0
1621476563197,1078,HTTP Request,200,OK,Thread Group 1-30,text,true,,367,155,125,125,http://localhost:8084/?token=466662735&user=1964513752&conf=2,1078,0,0
1621476563197,1078,HTTP Request,200,OK,Thread Group 1-34,text,true,,367,155,125,125,http://localhost:8084/?token=466662735&user=1964513752&conf=2,1078,0,0
1621476563197,1084,HTTP Request,200,OK,Thread Group 1-28,text,true,,367,155,125,125,http://localhost:8084/?token=466662735&user=1964513752&conf=2,1084,0,0
1621476563197,1091,HTTP Request,200,OK,Thread Group 1-29,text,true,,367,155,125,125,http://localhost:8084/?token=466662735&user=1964513752&conf=2,1091,0,0
1621476563198,1107,HTTP Request,200,OK,Thread Group 1-40,text,true,,367,155,125,125,http://localhost:8084/?token=466662735&user=1964513752&conf=2,1107,0,0
1621476563198,1107,HTTP Request,200,OK,Thread Group 1-37,text,true,,367,155,125,125,http://localhost:8084/?token=466662735&user=1964513752&conf=2,1107,0,0
1621476563198,1107,HTTP Request,200,OK,Thread Group 1-32,text,true,,367,155,125,125,http://localhost:8084/?token=466662735&user=1964513752&conf=2,1107,0,0
1621476563198,1107,HTTP Request,200,OK,Thread Group 1-36,text,true,,367,155,125,125,http://localhost:8084/?token=466662735&user=1964513752&conf=2,1107,0,0
1621476563198,1116,HTTP Request,200,OK,Thread Group 1-42,text,true,,367,155,125,125,http://localhost:8084/?token=466662735&user=1964513752&conf=2,1116,0,0
1621476563198,1123,HTTP Request,200,OK,Thread Group 1-18,text,true,,367,155,125,125,http://localhost:8084/?token=466662735&user=1964513752&conf=2,1123,0,0
1621476563198,1123,HTTP Request,200,OK,Thread Group 1-15,text,true,,367,155,125,125,http://localhost:8084/?token=466662735&user=1964513752&conf=2,1123,0,0
1621476563198,1141,HTTP Request,200,OK,Thread Group 1-26,text,true,,367,155,125,125,http://localhost:8084/?token=466662735&user=1964513752&conf=2,1140,0,0
1621476563198,1141,HTTP Request,200,OK,Thread Group 1-46,text,true,,367,155,125,125,http://localhost:8084/?token=466662735&user=1964513752&conf=2,1140,0,0
1621476563198,1141,HTTP Request,200,OK,Thread Group 1-39,text,true,,367,155,125,125,http://localhost:8084/?token=466662735&user=1964513752&conf=2,1140,0,0
1621476563198,1141,HTTP Request,200,OK,Thread Group 1-44,text,true,,367,155,125,125,http://localhost:8084/?token=466662735&user=1964513752&conf=2,1140,0,0
1621476563198,1145,HTTP Request,200,OK,Thread Group 1-47,text,true,,367,155,125,125,http://localhost:8084/?token=466662735&user=1964513752&conf=2,1145,0,0
1621476563199,1160,HTTP Request,200,OK,Thread Group 1-33,text,true,,367,155,125,125,http://localhost:8084/?token=466662735&user=1964513752&conf=2,1160,0,0
1621476563198,1161,HTTP Request,200,OK,Thread Group 1-49,text,true,,367,155,125,125,http://localhost:8084/?token=466662735&user=1964513752&conf=2,1161,0,0
1621476563199,1178,HTTP Request,200,OK,Thread Group 1-43,text,true,,367,155,125,125,http://localhost:8084/?token=466662735&user=1964513752&conf=2,1178,0,0
1621476563199,1178,HTTP Request,200,OK,Thread Group 1-41,text,true,,367,155,125,125,http://localhost:8084/?token=466662735&user=1964513752&conf=2,1178,0,0
1621476563199,1178,HTTP Request,200,OK,Thread Group 1-50,text,true,,367,155,125,125,http://localhost:8084/?token=466662735&user=1964513752&conf=2,1178,0,0
1621476563199,1178,HTTP Request,200,OK,Thread Group 1-48,text,true,,367,155,125,125,http://localhost:8084/?token=466662735&user=1964513752&conf=2,1178,0,0
1621476563200,1182,HTTP Request,200,OK,Thread Group 1-53,text,true,,367,155,125,125,http://localhost:8084/?token=466662735&user=1964513752&conf=2,1182,0,0
1621476563200,1189,HTTP Request,200,OK,Thread Group 1-54,text,true,,367,155,125,125,http://localhost:8084/?token=466662735&user=1964513752&conf=2,1189,0,0
1621476563199,1212,HTTP Request,200,OK,Thread Group 1-45,text,true,,367,155,125,125,http://localhost:8084/?token=466662735&user=1964513752&conf=2,1212,0,0
1621476563200,1211,HTTP Request,200,OK,Thread Group 1-52,text,true,,367,155,125,125,http://localhost:8084/?token=466662735&user=1964513752&conf=2,1211,0,0
1621476563199,1212,HTTP Request,200,OK,Thread Group 1-51,text,true,,367,155,125,125,http://localhost:8084/?token=466662735&user=1964513752&conf=2,1212,0,0
1621476563201,1210,HTTP Request,200,OK,Thread Group 1-58,text,true,,367,155,125,125,http://localhost:8084/?token=466662735&user=1964513752&conf=2,1210,0,0
1621476563202,1216,HTTP Request,200,OK,Thread Group 1-63,text,true,,367,155,125,125,http://localhost:8084/?token=466662735&user=1964513752&conf=2,1216,0,0
1621476563202,1220,HTTP Request,200,OK,Thread Group 1-59,text,true,,367,155,125,125,http://localhost:8084/?token=466662735&user=1964513752&conf=2,1220,0,0
1621476563202,1244,HTTP Request,200,OK,Thread Group 1-57,text,true,,367,155,125,125,http://localhost:8084/?token=466662735&user=1964513752&conf=2,1244,0,0
1621476563201,1245,HTTP Request,200,OK,Thread Group 1-56,text,true,,367,155,125,125,http://localhost:8084/?token=466662735&user=1964513752&conf=2,1245,0,0
1621476563202,1244,HTTP Request,200,OK,Thread Group 1-60,text,true,,367,155,125,125,http://localhost:8084/?token=466662735&user=1964513752&conf=2,1244,0,0
1621476563201,1245,HTTP Request,200,OK,Thread Group 1-55,text,true,,367,155,125,125,http://localhost:8084/?token=466662735&user=1964513752&conf=2,1245,0,0
1621476563203,1249,HTTP Request,200,OK,Thread Group 1-61,text,true,,367,155,125,125,http://localhost:8084/?token=466662735&user=1964513752&conf=2,1248,0,0
1621476563203,1254,HTTP Request,200,OK,Thread Group 1-66,text,true,,367,155,125,125,http://localhost:8084/?token=466662735&user=1964513752&conf=2,1254,0,0
1621476563203,1278,HTTP Request,200,OK,Thread Group 1-72,text,true,,367,155,125,125,http://localhost:8084/?token=466662735&user=1964513752&conf=2,1278,0,0
1621476563203,1278,HTTP Request,200,OK,Thread Group 1-64,text,true,,367,155,125,125,http://localhost:8084/?token=466662735&user=1964513752&conf=2,1278,0,0
1621476563203,1278,HTTP Request,200,OK,Thread Group 1-67,text,true,,367,155,125,125,http://localhost:8084/?token=466662735&user=1964513752&conf=2,1278,0,0
1621476563204,1277,HTTP Request,200,OK,Thread Group 1-68,text,true,,367,155,125,125,http://localhost:8084/?token=466662735&user=1964513752&conf=2,1277,0,0
1621476563204,1283,HTTP Request,200,OK,Thread Group 1-69,text,true,,367,155,125,125,http://localhost:8084/?token=466662735&user=1964513752&conf=2,1283,0,0
1621476563205,1288,HTTP Request,200,OK,Thread Group 1-70,text,true,,367,155,125,125,http://localhost:8084/?token=466662735&user=1964513752&conf=2,1288,0,0
1621476563204,1321,HTTP Request,200,OK,Thread Group 1-73,text,true,,367,155,125,125,http://localhost:8084/?token=466662735&user=1964513752&conf=2,1321,0,0
1621476563205,1320,HTTP Request,200,OK,Thread Group 1-74,text,true,,367,155,125,125,http://localhost:8084/?token=466662735&user=1964513752&conf=2,1320,0,0
1621476563205,1320,HTTP Request,200,OK,Thread Group 1-76,text,true,,367,155,125,125,http://localhost:8084/?token=466662735&user=1964513752&conf=2,1320,0,0
1621476563205,1320,HTTP Request,200,OK,Thread Group 1-62,text,true,,367,155,125,125,http://localhost:8084/?token=466662735&user=1964513752&conf=2,1320,0,0
1621476563204,1325,HTTP Request,200,OK,Thread Group 1-65,text,true,,367,155,125,125,http://localhost:8084/?token=466662735&user=1964513752&conf=2,1325,0,0
1621476563207,1326,HTTP Request,200,OK,Thread Group 1-77,text,true,,367,155,125,125,http://localhost:8084/?token=466662735&user=1964513752&conf=2,1326,0,0
1621476563206,1354,HTTP Request,200,OK,Thread Group 1-79,text,true,,367,155,125,125,http://localhost:8084/?token=466662735&user=1964513752&conf=2,1354,0,0
1621476563205,1355,HTTP Request,200,OK,Thread Group 1-78,text,true,,367,155,125,125,http://localhost:8084/?token=466662735&user=1964513752&conf=2,1355,0,0
1621476563206,1354,HTTP Request,200,OK,Thread Group 1-71,text,true,,367,155,125,125,http://localhost:8084/?token=466662735&user=1964513752&conf=2,1354,0,0
1621476563207,1353,HTTP Request,200,OK,Thread Group 1-75,text,true,,367,155,125,125,http://localhost:8084/?token=466662735&user=1964513752&conf=2,1353,0,0
1621476563207,1358,HTTP Request,200,OK,Thread Group 1-84,text,true,,367,155,125,125,http://localhost:8084/?token=466662735&user=1964513752&conf=2,1358,0,0
1621476563208,1364,HTTP Request,200,OK,Thread Group 1-85,text,true,,367,155,125,125,http://localhost:8084/?token=466662735&user=1964513752&conf=2,1364,0,0
1621476563209,1391,HTTP Request,200,OK,Thread Group 1-93,text,true,,367,155,125,125,http://localhost:8084/?token=466662735&user=1964513752&conf=2,1391,0,0
1621476563208,1392,HTTP Request,200,OK,Thread Group 1-88,text,true,,367,155,125,125,http://localhost:8084/?token=466662735&user=1964513752&conf=2,1392,0,0
1621476563210,1390,HTTP Request,200,OK,Thread Group 1-96,text,true,,367,155,125,125,http://localhost:8084/?token=466662735&user=1964513752&conf=2,1390,0,0
1621476563209,1391,HTTP Request,200,OK,Thread Group 1-81,text,true,,367,155,125,125,http://localhost:8084/?token=466662735&user=1964513752&conf=2,1391,0,0
1621476563209,1398,HTTP Request,200,OK,Thread Group 1-89,text,true,,367,155,125,125,http://localhost:8084/?token=466662735&user=1964513752&conf=2,1398,0,0
1621476563210,1403,HTTP Request,200,OK,Thread Group 1-82,text,true,,367,155,125,125,http://localhost:8084/?token=466662735&user=1964513752&conf=2,1403,0,0
1621476563209,1438,HTTP Request,200,OK,Thread Group 1-80,text,true,,367,155,125,125,http://localhost:8084/?token=466662735&user=1964513752&conf=2,1438,0,0
1621476563210,1437,HTTP Request,200,OK,Thread Group 1-90,text,true,,367,155,125,125,http://localhost:8084/?token=466662735&user=1964513752&conf=2,1437,0,0
1621476563209,1438,HTTP Request,200,OK,Thread Group 1-92,text,true,,367,155,125,125,http://localhost:8084/?token=466662735&user=1964513752&conf=2,1438,0,0
1621476563211,1436,HTTP Request,200,OK,Thread Group 1-86,text,true,,367,155,125,125,http://localhost:8084/?token=466662735&user=1964513752&conf=2,1436,0,0
1621476563211,1462,HTTP Request,200,OK,Thread Group 1-91,text,true,,367,155,125,125,http://localhost:8084/?token=466662735&user=1964513752&conf=2,1462,0,0
1621476563211,1462,HTTP Request,200,OK,Thread Group 1-98,text,true,,367,155,125,125,http://localhost:8084/?token=466662735&user=1964513752&conf=2,1462,0,0
1621476563211,1462,HTTP Request,200,OK,Thread Group 1-100,text,true,,367,155,125,125,http://localhost:8084/?token=466662735&user=1964513752&conf=2,1462,0,0
1621476563209,1464,HTTP Request,200,OK,Thread Group 1-87,text,true,,367,155,125,125,http://localhost:8084/?token=466662735&user=1964513752&conf=2,1464,0,0
1621476563214,1467,HTTP Request,200,OK,Thread Group 1-104,text,true,,367,155,125,125,http://localhost:8084/?token=466662735&user=1964513752&conf=2,1467,0,0
1621476563211,1476,HTTP Request,200,OK,Thread Group 1-94,text,true,,367,155,125,125,http://localhost:8084/?token=466662735&user=1964513752&conf=2,1476,0,0
1621476563214,1504,HTTP Request,200,OK,Thread Group 1-103,text,true,,367,155,125,125,http://localhost:8084/?token=466662735&user=1964513752&conf=2,1504,0,0
1621476563211,1507,HTTP Request,200,OK,Thread Group 1-95,text,true,,367,155,125,125,http://localhost:8084/?token=466662735&user=1964513752&conf=2,1507,0,0
1621476563212,1506,HTTP Request,200,OK,Thread Group 1-105,text,true,,367,155,125,125,http://localhost:8084/?token=466662735&user=1964513752&conf=2,1506,0,0
1621476563211,1507,HTTP Request,200,OK,Thread Group 1-97,text,true,,367,155,125,125,http://localhost:8084/?token=466662735&user=1964513752&conf=2,1507,0,0
1621476563212,1513,HTTP Request,200,OK,Thread Group 1-102,text,true,,367,155,125,125,http://localhost:8084/?token=466662735&user=1964513752&conf=2,1513,0,0
1621476563211,1522,HTTP Request,200,OK,Thread Group 1-83,text,true,,367,155,125,125,http://localhost:8084/?token=466662735&user=1964513752&conf=2,1522,0,0
1621476563218,1547,HTTP Request,200,OK,Thread Group 1-108,text,true,,367,155,125,125,http://localhost:8084/?token=466662735&user=1964513752&conf=2,1547,0,0
1621476563213,1552,HTTP Request,200,OK,Thread Group 1-99,text,true,,367,155,125,125,http://localhost:8084/?token=466662735&user=1964513752&conf=2,1552,0,0
1621476563211,1554,HTTP Request,200,OK,Thread Group 1-101,text,true,,367,155,125,125,http://localhost:8084/?token=466662735&user=1964513752&conf=2,1554,0,0
1621476563217,1548,HTTP Request,200,OK,Thread Group 1-110,text,true,,367,155,125,125,http://localhost:8084/?token=466662735&user=1964513752&conf=2,1548,0,0
1621476563218,1554,HTTP Request,200,OK,Thread Group 1-107,text,true,,367,155,125,125,http://localhost:8084/?token=466662735&user=1964513752&conf=2,1554,0,0
1621476563218,1563,HTTP Request,200,OK,Thread Group 1-112,text,true,,367,155,125,125,http://localhost:8084/?token=466662735&user=1964513752&conf=2,1563,0,0
1621476563221,1593,HTTP Request,200,OK,Thread Group 1-124,text,true,,367,155,125,125,http://localhost:8084/?token=466662735&user=1964513752&conf=2,1593,0,0
1621476563219,1595,HTTP Request,200,OK,Thread Group 1-109,text,true,,367,155,125,125,http://localhost:8084/?token=466662735&user=1964513752&conf=2,1595,0,0
1621476563217,1597,HTTP Request,200,OK,Thread Group 1-106,text,true,,367,155,125,125,http://localhost:8084/?token=466662735&user=1964513752&conf=2,1597,0,0
1621476563218,1596,HTTP Request,200,OK,Thread Group 1-113,text,true,,367,155,125,125,http://localhost:8084/?token=466662735&user=1964513752&conf=2,1596,0,0
1621476563220,1602,HTTP Request,200,OK,Thread Group 1-111,text,true,,367,155,125,125,http://localhost:8084/?token=466662735&user=1964513752&conf=2,1602,0,0
1621476563221,1636,HTTP Request,200,OK,Thread Group 1-115,text,true,,367,155,125,125,http://localhost:8084/?token=466662735&user=1964513752&conf=2,1636,0,0
1621476563221,1636,HTTP Request,200,OK,Thread Group 1-121,text,true,,367,155,125,125,http://localhost:8084/?token=466662735&user=1964513752&conf=2,1636,0,0
1621476563221,1636,HTTP Request,200,OK,Thread Group 1-117,text,true,,367,155,125,125,http://localhost:8084/?token=466662735&user=1964513752&conf=2,1636,0,0
1621476563221,1636,HTTP Request,200,OK,Thread Group 1-122,text,true,,367,155,125,125,http://localhost:8084/?token=466662735&user=1964513752&conf=2,1636,0,0
1621476563221,1646,HTTP Request,200,OK,Thread Group 1-114,text,true,,367,155,125,125,http://localhost:8084/?token=466662735&user=1964513752&conf=2,1646,0,0
1621476563221,1690,HTTP Request,200,OK,Thread Group 1-118,text,true,,367,155,125,125,http://localhost:8084/?token=466662735&user=1964513752&conf=2,1690,0,0
1621476563221,1690,HTTP Request,200,OK,Thread Group 1-116,text,true,,367,155,125,125,http://localhost:8084/?token=466662735&user=1964513752&conf=2,1690,0,0
1621476563221,1690,HTTP Request,200,OK,Thread Group 1-120,text,true,,367,155,125,125,http://localhost:8084/?token=466662735&user=1964513752&conf=2,1690,0,0
1621476563221,1690,HTTP Request,200,OK,Thread Group 1-119,text,true,,367,155,125,125,http://localhost:8084/?token=466662735&user=1964513752&conf=2,1690,0,0
1621476563222,1733,HTTP Request,200,OK,Thread Group 1-123,text,true,,367,155,125,125,http://localhost:8084/?token=466662735&user=1964513752&conf=2,1733,0,0
1621476563223,1732,HTTP Request,200,OK,Thread Group 1-125,text,true,,367,155,125,125,http://localhost:8084/?token=466662735&user=1964513752&conf=2,1732,0,0
1621476566216,113,HTTP Request,503,Service is unavailable,Thread Group 1-106,text,false,,1453,155,125,125,http://localhost:8084/?token=466662735&user=1964513752&conf=2,112,0,0
1621476566218,111,HTTP Request,503,Service is unavailable,Thread Group 1-110,text,false,,1453,155,125,125,http://localhost:8084/?token=466662735&user=1964513752&conf=2,111,0,0
1621476566217,112,HTTP Request,503,Service is unavailable,Thread Group 1-107,text,false,,1453,155,125,125,http://localhost:8084/?token=466662735&user=1964513752&conf=2,111,0,0
1621476566217,112,HTTP Request,503,Service is unavailable,Thread Group 1-108,text,false,,1453,155,125,125,http://localhost:8084/?token=466662735&user=1964513752&conf=2,112,0,0
1621476566210,119,HTTP Request,503,Service is unavailable,Thread Group 1-87,text,false,,1453,155,125,125,http://localhost:8084/?token=466662735&user=1964513752&conf=2,118,0,0
1621476566218,112,HTTP Request,503,Service is unavailable,Thread Group 1-112,text,false,,1453,155,125,125,http://localhost:8084/?token=466662735&user=1964513752&conf=2,112,0,0
1621476566218,112,HTTP Request,503,Service is unavailable,Thread Group 1-109,text,false,,1453,155,125,125,http://localhost:8084/?token=466662735&user=1964513752&conf=2,112,0,0
1621476566220,110,HTTP Request,503,Service is unavailable,Thread Group 1-115,text,false,,1453,155,125,125,http://localhost:8084/?token=466662735&user=1964513752&conf=2,110,0,0
1621476566220,116,HTTP Request,503,Service is unavailable,Thread Group 1-111,text,false,,1453,155,125,125,http://localhost:8084/?token=466662735&user=1964513752&conf=2,116,0,0
1621476566219,117,HTTP Request,503,Service is unavailable,Thread Group 1-113,text,false,,1453,155,125,125,http://localhost:8084/?token=466662735&user=1964513752&conf=2,117,0,0
1621476566221,115,HTTP Request,503,Service is unavailable,Thread Group 1-114,text,false,,1453,155,125,125,http://localhost:8084/?token=466662735&user=1964513752&conf=2,115,0,0
1621476566221,117,HTTP Request,503,Service is unavailable,Thread Group 1-117,text,false,,1453,155,125,125,http://localhost:8084/?token=466662735&user=1964513752&conf=2,116,0,0
1621476566221,117,HTTP Request,503,Service is unavailable,Thread Group 1-121,text,false,,1453,155,125,125,http://localhost:8084/?token=466662735&user=1964513752&conf=2,117,0,0
1621476566221,117,HTTP Request,503,Service is unavailable,Thread Group 1-119,text,false,,1453,155,125,125,http://localhost:8084/?token=466662735&user=1964513752&conf=2,117,0,0
1621476566221,117,HTTP Request,503,Service is unavailable,Thread Group 1-120,text,false,,1453,155,125,125,http://localhost:8084/?token=466662735&user=1964513752&conf=2,117,0,0
1621476566221,117,HTTP Request,503,Service is unavailable,Thread Group 1-116,text,false,,1453,155,125,125,http://localhost:8084/?token=466662735&user=1964513752&conf=2,117,0,0
1621476566221,117,HTTP Request,503,Service is unavailable,Thread Group 1-118,text,false,,1453,155,125,125,http://localhost:8084/?token=466662735&user=1964513752&conf=2,117,0,0
1621476566222,122,HTTP Request,503,Service is unavailable,Thread Group 1-122,text,false,,1453,155,125,125,http://localhost:8084/?token=466662735&user=1964513752&conf=2,122,0,0
1621476566222,122,HTTP Request,503,Service is unavailable,Thread Group 1-124,text,false,,1453,155,125,125,http://localhost:8084/?token=466662735&user=1964513752&conf=2,122,0,0
1621476566223,121,HTTP Request,503,Service is unavailable,Thread Group 1-123,text,false,,1453,155,125,125,http://localhost:8084/?token=466662735&user=1964513752&conf=2,121,0,0
1621476566224,130,HTTP Request,503,Service is unavailable,Thread Group 1-125,text,false,,1453,155,125,125,http://localhost:8084/?token=466662735&user=1964513752&conf=2,130,0,0
1621476566187,1700,HTTP Request,200,OK,Thread Group 1-5,text,true,,367,155,125,125,http://localhost:8084/?token=466662735&user=1964513752&conf=2,1700,0,0
1621476566187,1736,HTTP Request,200,OK,Thread Group 1-1,text,true,,367,155,125,125,http://localhost:8084/?token=466662735&user=1964513752&conf=2,1736,0,0
1621476566186,1737,HTTP Request,200,OK,Thread Group 1-4,text,true,,367,155,125,125,http://localhost:8084/?token=466662735&user=1964513752&conf=2,1737,0,0
1621476566187,1736,HTTP Request,200,OK,Thread Group 1-3,text,true,,367,155,125,125,http://localhost:8084/?token=466662735&user=1964513752&conf=2,1736,0,0
1621476566186,1737,HTTP Request,200,OK,Thread Group 1-10,text,true,,367,155,125,125,http://localhost:8084/?token=466662735&user=1964513752&conf=2,1737,0,0
1621476566188,1743,HTTP Request,200,OK,Thread Group 1-9,text,true,,367,155,125,125,http://localhost:8084/?token=466662735&user=1964513752&conf=2,1743,0,0
1621476566188,1781,HTTP Request,200,OK,Thread Group 1-2,text,true,,367,155,125,125,http://localhost:8084/?token=466662735&user=1964513752&conf=2,1781,0,0
1621476566188,1781,HTTP Request,200,OK,Thread Group 1-7,text,true,,367,155,125,125,http://localhost:8084/?token=466662735&user=1964513752&conf=2,1781,0,0
1621476566188,1781,HTTP Request,200,OK,Thread Group 1-13,text,true,,367,155,125,125,http://localhost:8084/?token=466662735&user=1964513752&conf=2,1781,0,0
1621476566188,1781,HTTP Request,200,OK,Thread Group 1-8,text,true,,367,155,125,125,http://localhost:8084/?token=466662735&user=1964513752&conf=2,1781,0,0
1621476566188,1791,HTTP Request,200,OK,Thread Group 1-11,text,true,,367,155,125,125,http://localhost:8084/?token=466662735&user=1964513752&conf=2,1791,0,0
1621476566193,1826,HTTP Request,200,OK,Thread Group 1-27,text,true,,367,155,125,125,http://localhost:8084/?token=466662735&user=1964513752&conf=2,1826,0,0
1621476566187,1832,HTTP Request,200,OK,Thread Group 1-12,text,true,,367,155,125,125,http://localhost:8084/?token=466662735&user=1964513752&conf=2,1832,0,0
1621476566189,1830,HTTP Request,200,OK,Thread Group 1-14,text,true,,367,155,125,125,http://localhost:8084/?token=466662735&user=1964513752&conf=2,1830,0,0
1621476566187,1832,HTTP Request,200,OK,Thread Group 1-6,text,true,,367,155,125,125,http://localhost:8084/?token=466662735&user=1964513752&conf=2,1832,0,0
1621476566194,1835,HTTP Request,200,OK,Thread Group 1-23,text,true,,367,155,125,125,http://localhost:8084/?token=466662735&user=1964513752&conf=2,1835,0,0
1621476566195,1875,HTTP Request,200,OK,Thread Group 1-24,text,true,,367,155,125,125,http://localhost:8084/?token=466662735&user=1964513752&conf=2,1875,0,0
1621476566194,1876,HTTP Request,200,OK,Thread Group 1-21,text,true,,367,155,125,125,http://localhost:8084/?token=466662735&user=1964513752&conf=2,1876,0,0
1621476566194,1876,HTTP Request,200,OK,Thread Group 1-19,text,true,,367,155,125,125,http://localhost:8084/?token=466662735&user=1964513752&conf=2,1876,0,0
1621476566194,1876,HTTP Request,200,OK,Thread Group 1-22,text,true,,367,155,125,125,http://localhost:8084/?token=466662735&user=1964513752&conf=2,1876,0,0
1621476566195,1918,HTTP Request,200,OK,Thread Group 1-25,text,true,,367,155,125,125,http://localhost:8084/?token=466662735&user=1964513752&conf=2,1918,0,0
1621476566195,1918,HTTP Request,200,OK,Thread Group 1-17,text,true,,367,155,125,125,http://localhost:8084/?token=466662735&user=1964513752&conf=2,1918,0,0
1621476566196,1917,HTTP Request,200,OK,Thread Group 1-34,text,true,,367,155,125,125,http://localhost:8084/?token=466662735&user=1964513752&conf=2,1917,0,0
1621476566196,1917,HTTP Request,200,OK,Thread Group 1-38,text,true,,367,155,125,125,http://localhost:8084/?token=466662735&user=1964513752&conf=2,1917,0,0
1621476566196,1927,HTTP Request,200,OK,Thread Group 1-39,text,true,,367,155,125,125,http://localhost:8084/?token=466662735&user=1964513752&conf=2,1927,0,0
1621476566196,1970,HTTP Request,200,OK,Thread Group 1-30,text,true,,367,155,125,125,http://localhost:8084/?token=466662735&user=1964513752&conf=2,1970,0,0
1621476566197,1969,HTTP Request,200,OK,Thread Group 1-41,text,true,,367,155,125,125,http://localhost:8084/?token=466662735&user=1964513752&conf=2,1969,0,0
1621476566196,1970,HTTP Request,200,OK,Thread Group 1-26,text,true,,367,155,125,125,http://localhost:8084/?token=466662735&user=1964513752&conf=2,1970,0,0
1621476566197,1969,HTTP Request,200,OK,Thread Group 1-31,text,true,,367,155,125,125,http://localhost:8084/?token=466662735&user=1964513752&conf=2,1969,0,0
1621476566197,1979,HTTP Request,200,OK,Thread Group 1-33,text,true,,367,155,125,125,http://localhost:8084/?token=466662735&user=1964513752&conf=2,1979,0,0
1621476566197,2024,HTTP Request,200,OK,Thread Group 1-42,text,true,,367,155,125,125,http://localhost:8084/?token=466662735&user=1964513752&conf=2,2024,0,0
1621476566197,2024,HTTP Request,200,OK,Thread Group 1-43,text,true,,367,155,125,125,http://localhost:8084/?token=466662735&user=1964513752&conf=2,2024,0,0
1621476566198,2023,HTTP Request,200,OK,Thread Group 1-20,text,true,,367,155,125,125,http://localhost:8084/?token=466662735&user=1964513752&conf=2,2023,0,0
1621476566198,2057,HTTP Request,200,OK,Thread Group 1-35,text,true,,367,155,125,125,http://localhost:8084/?token=466662735&user=1964513752&conf=2,2057,0,0
1621476566198,2057,HTTP Request,200,OK,Thread Group 1-18,text,true,,367,155,125,125,http://localhost:8084/?token=466662735&user=1964513752&conf=2,2057,0,0
1621476566197,2058,HTTP Request,200,OK,Thread Group 1-15,text,true,,367,155,125,125,http://localhost:8084/?token=466662735&user=1964513752&conf=2,2058,0,0
1621476566198,2057,HTTP Request,200,OK,Thread Group 1-16,text,true,,367,155,125,125,http://localhost:8084/?token=466662735&user=1964513752&conf=2,2057,0,0
1621476566198,2104,HTTP Request,200,OK,Thread Group 1-49,text,true,,367,155,125,125,http://localhost:8084/?token=466662735&user=1964513752&conf=2,2104,0,0
1621476566198,2104,HTTP Request,200,OK,Thread Group 1-44,text,true,,367,155,125,125,http://localhost:8084/?token=466662735&user=1964513752&conf=2,2104,0,0
1621476566198,2104,HTTP Request,200,OK,Thread Group 1-45,text,true,,367,155,125,125,http://localhost:8084/?token=466662735&user=1964513752&conf=2,2104,0,0
1621476566198,2104,HTTP Request,200,OK,Thread Group 1-28,text,true,,367,155,125,125,http://localhost:8084/?token=466662735&user=1964513752&conf=2,2104,0,0
1621476566198,2115,HTTP Request,200,OK,Thread Group 1-29,text,true,,367,155,125,125,http://localhost:8084/?token=466662735&user=1964513752&conf=2,2115,0,0
1621476566198,2158,HTTP Request,200,OK,Thread Group 1-50,text,true,,367,155,125,125,http://localhost:8084/?token=466662735&user=1964513752&conf=2,2158,0,0
1621476566198,2158,HTTP Request,200,OK,Thread Group 1-46,text,true,,367,155,125,125,http://localhost:8084/?token=466662735&user=1964513752&conf=2,2158,0,0
1621476566198,2158,HTTP Request,200,OK,Thread Group 1-48,text,true,,367,155,125,125,http://localhost:8084/?token=466662735&user=1964513752&conf=2,2158,0,0
1621476566200,2199,HTTP Request,200,OK,Thread Group 1-53,text,true,,367,155,125,125,http://localhost:8084/?token=466662735&user=1964513752&conf=2,2199,0,0
1621476566199,2200,HTTP Request,200,OK,Thread Group 1-32,text,true,,367,155,125,125,http://localhost:8084/?token=466662735&user=1964513752&conf=2,2200,0,0
1621476566199,2200,HTTP Request,200,OK,Thread Group 1-37,text,true,,367,155,125,125,http://localhost:8084/?token=466662735&user=1964513752&conf=2,2200,0,0
1621476566199,2200,HTTP Request,200,OK,Thread Group 1-40,text,true,,367,155,125,125,http://localhost:8084/?token=466662735&user=1964513752&conf=2,2200,0,0
1621476566200,2212,HTTP Request,200,OK,Thread Group 1-52,text,true,,367,155,125,125,http://localhost:8084/?token=466662735&user=1964513752&conf=2,2212,0,0
1621476566199,2256,HTTP Request,200,OK,Thread Group 1-51,text,true,,367,155,125,125,http://localhost:8084/?token=466662735&user=1964513752&conf=2,2256,0,0
1621476566201,2254,HTTP Request,200,OK,Thread Group 1-58,text,true,,367,155,125,125,http://localhost:8084/?token=466662735&user=1964513752&conf=2,2254,0,0
1621476566199,2256,HTTP Request,200,OK,Thread Group 1-36,text,true,,367,155,125,125,http://localhost:8084/?token=466662735&user=1964513752&conf=2,2256,0,0
1621476566200,2299,HTTP Request,200,OK,Thread Group 1-47,text,true,,367,155,125,125,http://localhost:8084/?token=466662735&user=1964513752&conf=2,2299,0,0
1621476566201,2298,HTTP Request,200,OK,Thread Group 1-56,text,true,,367,155,125,125,http://localhost:8084/?token=466662735&user=1964513752&conf=2,2298,0,0
1621476566202,2297,HTTP Request,200,OK,Thread Group 1-54,text,true,,367,155,125,125,http://localhost:8084/?token=466662735&user=1964513752&conf=2,2297,0,0
1621476566202,2340,HTTP Request,200,OK,Thread Group 1-59,text,true,,367,155,125,125,http://localhost:8084/?token=466662735&user=1964513752&conf=2,2339,0,0
1621476566202,2340,HTTP Request,200,OK,Thread Group 1-64,text,true,,367,155,125,125,http://localhost:8084/?token=466662735&user=1964513752&conf=2,2339,0,0
1621476566202,2340,HTTP Request,200,OK,Thread Group 1-63,text,true,,367,155,125,125,http://localhost:8084/?token=466662735&user=1964513752&conf=2,2339,0,0
1621476566203,2339,HTTP Request,200,OK,Thread Group 1-67,text,true,,367,155,125,125,http://localhost:8084/?token=466662735&user=1964513752&conf=2,2338,0,0
1621476566203,2353,HTTP Request,200,OK,Thread Group 1-55,text,true,,367,155,125,125,http://localhost:8084/?token=466662735&user=1964513752&conf=2,2353,0,0
1621476566203,2397,HTTP Request,200,OK,Thread Group 1-68,text,true,,367,155,125,125,http://localhost:8084/?token=466662735&user=1964513752&conf=2,2397,0,0
1621476566203,2397,HTTP Request,200,OK,Thread Group 1-61,text,true,,367,155,125,125,http://localhost:8084/?token=466662735&user=1964513752&conf=2,2397,0,0
1621476566203,2397,HTTP Request,200,OK,Thread Group 1-70,text,true,,367,155,125,125,http://localhost:8084/?token=466662735&user=1964513752&conf=2,2397,0,0
1621476566204,2439,HTTP Request,200,OK,Thread Group 1-60,text,true,,367,155,125,125,http://localhost:8084/?token=466662735&user=1964513752&conf=2,2439,0,0
1621476566204,2439,HTTP Request,200,OK,Thread Group 1-72,text,true,,367,155,125,125,http://localhost:8084/?token=466662735&user=1964513752&conf=2,2439,0,0
1621476566204,2439,HTTP Request,200,OK,Thread Group 1-62,text,true,,367,155,125,125,http://localhost:8084/?token=466662735&user=1964513752&conf=2,2439,0,0
1621476566205,2482,HTTP Request,200,OK,Thread Group 1-66,text,true,,367,155,125,125,http://localhost:8084/?token=466662735&user=1964513752&conf=2,2482,0,0
1621476566205,2482,HTTP Request,200,OK,Thread Group 1-69,text,true,,367,155,125,125,http://localhost:8084/?token=466662735&user=1964513752&conf=2,2482,0,0
1621476566204,2483,HTTP Request,200,OK,Thread Group 1-57,text,true,,367,155,125,125,http://localhost:8084/?token=466662735&user=1964513752&conf=2,2483,0,0
1621476566205,2528,HTTP Request,200,OK,Thread Group 1-65,text,true,,367,155,125,125,http://localhost:8084/?token=466662735&user=1964513752&conf=2,2528,0,0
1621476566205,2528,HTTP Request,200,OK,Thread Group 1-77,text,true,,367,155,125,125,http://localhost:8084/?token=466662735&user=1964513752&conf=2,2528,0,0
1621476566206,2527,HTTP Request,200,OK,Thread Group 1-74,text,true,,367,155,125,125,http://localhost:8084/?token=466662735&user=1964513752&conf=2,2527,0,0
1621476566206,2571,HTTP Request,200,OK,Thread Group 1-71,text,true,,367,155,125,125,http://localhost:8084/?token=466662735&user=1964513752&conf=2,2571,0,0
1621476566207,2570,HTTP Request,200,OK,Thread Group 1-75,text,true,,367,155,125,125,http://localhost:8084/?token=466662735&user=1964513752&conf=2,2570,0,0
1621476566206,2571,HTTP Request,200,OK,Thread Group 1-73,text,true,,367,155,125,125,http://localhost:8084/?token=466662735&user=1964513752&conf=2,2571,0,0
1621476566208,2617,HTTP Request,200,OK,Thread Group 1-81,text,true,,367,155,125,125,http://localhost:8084/?token=466662735&user=1964513752&conf=2,2617,0,0
1621476566209,2616,HTTP Request,200,OK,Thread Group 1-80,text,true,,367,155,125,125,http://localhost:8084/?token=466662735&user=1964513752&conf=2,2616,0,0
1621476566207,2618,HTTP Request,200,OK,Thread Group 1-76,text,true,,367,155,125,125,http://localhost:8084/?token=466662735&user=1964513752&conf=2,2618,0,0
1621476566208,2668,HTTP Request,200,OK,Thread Group 1-79,text,true,,367,155,125,125,http://localhost:8084/?token=466662735&user=1964513752&conf=2,2668,0,0
1621476566209,2667,HTTP Request,200,OK,Thread Group 1-84,text,true,,367,155,125,125,http://localhost:8084/?token=466662735&user=1964513752&conf=2,2667,0,0
1621476566207,2669,HTTP Request,200,OK,Thread Group 1-78,text,true,,367,155,125,125,http://localhost:8084/?token=466662735&user=1964513752&conf=2,2669,0,0
1621476566209,2713,HTTP Request,200,OK,Thread Group 1-88,text,true,,367,155,125,125,http://localhost:8084/?token=466662735&user=1964513752&conf=2,2713,0,0
1621476566210,2712,HTTP Request,200,OK,Thread Group 1-92,text,true,,367,155,125,125,http://localhost:8084/?token=466662735&user=1964513752&conf=2,2712,0,0
1621476566210,2712,HTTP Request,200,OK,Thread Group 1-95,text,true,,367,155,125,125,http://localhost:8084/?token=466662735&user=1964513752&conf=2,2712,0,0
1621476566210,2757,HTTP Request,200,OK,Thread Group 1-97,text,true,,367,155,125,125,http://localhost:8084/?token=466662735&user=1964513752&conf=2,2757,0,0
1621476566210,2757,HTTP Request,200,OK,Thread Group 1-82,text,true,,367,155,125,125,http://localhost:8084/?token=466662735&user=1964513752&conf=2,2757,0,0
1621476566212,2755,HTTP Request,200,OK,Thread Group 1-91,text,true,,367,155,125,125,http://localhost:8084/?token=466662735&user=1964513752&conf=2,2755,0,0
1621476566212,2808,HTTP Request,200,OK,Thread Group 1-103,text,true,,367,155,125,125,http://localhost:8084/?token=466662735&user=1964513752&conf=2,2808,0,0
1621476566211,2809,HTTP Request,200,OK,Thread Group 1-96,text,true,,367,155,125,125,http://localhost:8084/?token=466662735&user=1964513752&conf=2,2809,0,0
1621476566213,2807,HTTP Request,200,OK,Thread Group 1-104,text,true,,367,155,125,125,http://localhost:8084/?token=466662735&user=1964513752&conf=2,2807,0,0
1621476566215,2805,HTTP Request,200,OK,Thread Group 1-105,text,true,,367,155,125,125,http://localhost:8084/?token=466662735&user=1964513752&conf=2,2805,0,0
1621476566210,2827,HTTP Request,200,OK,Thread Group 1-93,text,true,,367,155,125,125,http://localhost:8084/?token=466662735&user=1964513752&conf=2,2827,0,0
1621476566213,2866,HTTP Request,200,OK,Thread Group 1-98,text,true,,367,155,125,125,http://localhost:8084/?token=466662735&user=1964513752&conf=2,2866,0,0
1621476566212,2867,HTTP Request,200,OK,Thread Group 1-89,text,true,,367,155,125,125,http://localhost:8084/?token=466662735&user=1964513752&conf=2,2867,0,0
1621476566213,2910,HTTP Request,200,OK,Thread Group 1-102,text,true,,367,155,125,125,http://localhost:8084/?token=466662735&user=1964513752&conf=2,2910,0,0
1621476566210,2913,HTTP Request,200,OK,Thread Group 1-85,text,true,,367,155,125,125,http://localhost:8084/?token=466662735&user=1964513752&conf=2,2913,0,0
1621476566212,2911,HTTP Request,200,OK,Thread Group 1-90,text,true,,367,155,125,125,http://localhost:8084/?token=466662735&user=1964513752&conf=2,2911,0,0
1621476566211,2960,HTTP Request,200,OK,Thread Group 1-94,text,true,,367,155,125,125,http://localhost:8084/?token=466662735&user=1964513752&conf=2,2960,0,0
1621476566212,2959,HTTP Request,200,OK,Thread Group 1-101,text,true,,367,155,125,125,http://localhost:8084/?token=466662735&user=1964513752&conf=2,2959,0,0
1621476566210,2986,HTTP Request,200,OK,Thread Group 1-83,text,true,,367,155,125,125,http://localhost:8084/?token=466662735&user=1964513752&conf=2,2986,0,0
1621476566212,2984,HTTP Request,200,OK,Thread Group 1-86,text,true,,367,155,125,125,http://localhost:8084/?token=466662735&user=1964513752&conf=2,2984,0,0
1621476566213,2997,HTTP Request,200,OK,Thread Group 1-100,text,true,,367,155,125,125,http://localhost:8084/?token=466662735&user=1964513752&conf=2,2997,0,0
1621476566212,3019,HTTP Request,200,OK,Thread Group 1-99,text,true,,367,155,125,125,http://localhost:8084/?token=466662735&user=1964513752&conf=2,3019,0,0
1621476569231,112,HTTP Request,503,Service is unavailable,Thread Group 1-99,text,false,,1453,155,125,125,http://localhost:8084/?token=466662735&user=1964513752&conf=2,112,0,0
1621476569217,134,HTTP Request,503,Service is unavailable,Thread Group 1-108,text,false,,1453,155,124,124,http://localhost:8084/?token=466662735&user=1964513752&conf=2,134,0,1
1621476569221,130,HTTP Request,503,Service is unavailable,Thread Group 1-116,text,false,,1453,155,124,124,http://localhost:8084/?token=466662735&user=1964513752&conf=2,130,0,1
1621476569221,131,HTTP Request,503,Service is unavailable,Thread Group 1-120,text,false,,1453,155,122,122,http://localhost:8084/?token=466662735&user=1964513752&conf=2,131,0,1
1621476569216,136,HTTP Request,503,Service is unavailable,Thread Group 1-106,text,false,,1453,155,121,121,http://localhost:8084/?token=466662735&user=1964513752&conf=2,136,0,0
1621476569220,132,HTTP Request,503,Service is unavailable,Thread Group 1-115,text,false,,1453,155,120,120,http://localhost:8084/?token=466662735&user=1964513752&conf=2,132,0,0
1621476569221,134,HTTP Request,503,Service is unavailable,Thread Group 1-121,text,false,,1453,155,119,119,http://localhost:8084/?token=466662735&user=1964513752&conf=2,134,0,1
1621476569218,138,HTTP Request,503,Service is unavailable,Thread Group 1-109,text,false,,1453,155,118,118,http://localhost:8084/?token=466662735&user=1964513752&conf=2,138,0,0
1621476569219,137,HTTP Request,503,Service is unavailable,Thread Group 1-113,text,false,,1453,155,117,117,http://localhost:8084/?token=466662735&user=1964513752&conf=2,137,0,1
1621476569220,136,HTTP Request,503,Service is unavailable,Thread Group 1-114,text,false,,1453,155,116,116,http://localhost:8084/?token=466662735&user=1964513752&conf=2,136,0,0
1621476569223,133,HTTP Request,503,Service is unavailable,Thread Group 1-124,text,false,,1453,155,116,116,http://localhost:8084/?token=466662735&user=1964513752&conf=2,133,0,0
1621476569225,134,HTTP Request,503,Service is unavailable,Thread Group 1-125,text,false,,1453,155,114,114,http://localhost:8084/?token=466662735&user=1964513752&conf=2,134,0,0
1621476569221,138,HTTP Request,503,Service is unavailable,Thread Group 1-118,text,false,,1453,155,114,114,http://localhost:8084/?token=466662735&user=1964513752&conf=2,138,0,1
1621476569223,136,HTTP Request,503,Service is unavailable,Thread Group 1-122,text,false,,1453,155,114,114,http://localhost:8084/?token=466662735&user=1964513752&conf=2,136,0,0
1621476569219,140,HTTP Request,503,Service is unavailable,Thread Group 1-112,text,false,,1453,155,114,114,http://localhost:8084/?token=466662735&user=1964513752&conf=2,140,0,1
1621476569218,142,HTTP Request,503,Service is unavailable,Thread Group 1-110,text,false,,1453,155,110,110,http://localhost:8084/?token=466662735&user=1964513752&conf=2,142,0,0
1621476569219,141,HTTP Request,503,Service is unavailable,Thread Group 1-111,text,false,,1453,155,109,109,http://localhost:8084/?token=466662735&user=1964513752&conf=2,141,0,1
1621476569221,139,HTTP Request,503,Service is unavailable,Thread Group 1-117,text,false,,1453,155,108,108,http://localhost:8084/?token=466662735&user=1964513752&conf=2,139,0,1
1621476569221,144,HTTP Request,503,Service is unavailable,Thread Group 1-119,text,false,,1453,155,107,107,http://localhost:8084/?token=466662735&user=1964513752&conf=2,139,0,1
1621476569224,141,HTTP Request,503,Service is unavailable,Thread Group 1-123,text,false,,1453,155,107,107,http://localhost:8084/?token=466662735&user=1964513752&conf=2,141,0,0
1621476569217,148,HTTP Request,503,Service is unavailable,Thread Group 1-107,text,false,,1453,155,105,105,http://localhost:8084/?token=466662735&user=1964513752&conf=2,148,0,1
1621476569185,1706,HTTP Request,200,OK,Thread Group 1-1,text,true,,367,155,104,104,http://localhost:8084/?token=466662735&user=1964513752&conf=2,1706,0,0
1621476569185,1723,HTTP Request,200,OK,Thread Group 1-4,text,true,,367,155,103,103,http://localhost:8084/?token=466662735&user=1964513752&conf=2,1723,0,0
1621476569186,1736,HTTP Request,200,OK,Thread Group 1-5,text,true,,367,155,102,102,http://localhost:8084/?token=466662735&user=1964513752&conf=2,1736,0,0
1621476569185,1737,HTTP Request,200,OK,Thread Group 1-3,text,true,,367,155,102,102,http://localhost:8084/?token=466662735&user=1964513752&conf=2,1737,0,0
1621476569187,1753,HTTP Request,200,OK,Thread Group 1-9,text,true,,367,155,100,100,http://localhost:8084/?token=466662735&user=1964513752&conf=2,1753,0,0
1621476569190,1750,HTTP Request,200,OK,Thread Group 1-13,text,true,,367,155,100,100,http://localhost:8084/?token=466662735&user=1964513752&conf=2,1750,0,0
1621476569185,1771,HTTP Request,200,OK,Thread Group 1-2,text,true,,367,155,98,98,http://localhost:8084/?token=466662735&user=1964513752&conf=2,1771,0,0
1621476569185,1789,HTTP Request,200,OK,Thread Group 1-10,text,true,,367,155,97,97,http://localhost:8084/?token=466662735&user=1964513752&conf=2,1789,0,0
1621476569185,1789,HTTP Request,200,OK,Thread Group 1-8,text,true,,367,155,97,97,http://localhost:8084/?token=466662735&user=1964513752&conf=2,1789,0,0
1621476569187,1802,HTTP Request,200,OK,Thread Group 1-7,text,true,,367,155,95,95,http://localhost:8084/?token=466662735&user=1964513752&conf=2,1802,0,0
1621476569187,1802,HTTP Request,200,OK,Thread Group 1-6,text,true,,367,155,95,95,http://localhost:8084/?token=466662735&user=1964513752&conf=2,1802,0,0
1621476569190,1824,HTTP Request,200,OK,Thread Group 1-12,text,true,,367,155,93,93,http://localhost:8084/?token=466662735&user=1964513752&conf=2,1824,0,0
1621476569190,1824,HTTP Request,200,OK,Thread Group 1-14,text,true,,367,155,93,93,http://localhost:8084/?token=466662735&user=1964513752&conf=2,1824,0,0
1621476569190,1832,HTTP Request,200,OK,Thread Group 1-11,text,true,,367,155,91,91,http://localhost:8084/?token=466662735&user=1964513752&conf=2,1832,0,0
1621476569193,1836,HTTP Request,200,OK,Thread Group 1-25,text,true,,367,155,90,90,http://localhost:8084/?token=466662735&user=1964513752&conf=2,1836,0,0
1621476569193,1844,HTTP Request,200,OK,Thread Group 1-27,text,true,,367,155,89,89,http://localhost:8084/?token=466662735&user=1964513752&conf=2,1844,0,0
1621476569195,1861,HTTP Request,200,OK,Thread Group 1-31,text,true,,367,155,88,88,http://localhost:8084/?token=466662735&user=1964513752&conf=2,1861,0,0
1621476569195,1872,HTTP Request,200,OK,Thread Group 1-16,text,true,,367,155,87,87,http://localhost:8084/?token=466662735&user=1964513752&conf=2,1872,0,0
1621476569195,1876,HTTP Request,200,OK,Thread Group 1-20,text,true,,367,155,86,86,http://localhost:8084/?token=466662735&user=1964513752&conf=2,1876,0,0
1621476569196,1883,HTTP Request,200,OK,Thread Group 1-21,text,true,,367,155,85,85,http://localhost:8084/?token=466662735&user=1964513752&conf=2,1883,0,0
1621476569195,1894,HTTP Request,200,OK,Thread Group 1-23,text,true,,367,155,84,84,http://localhost:8084/?token=466662735&user=1964513752&conf=2,1894,0,0
1621476569195,1905,HTTP Request,200,OK,Thread Group 1-22,text,true,,367,155,83,83,http://localhost:8084/?token=466662735&user=1964513752&conf=2,1905,0,0
1621476569196,1918,HTTP Request,200,OK,Thread Group 1-24,text,true,,367,155,82,82,http://localhost:8084/?token=466662735&user=1964513752&conf=2,1917,0,0
1621476569195,1927,HTTP Request,200,OK,Thread Group 1-35,text,true,,367,155,81,81,http://localhost:8084/?token=466662735&user=1964513752&conf=2,1927,0,0
1621476569196,1934,HTTP Request,200,OK,Thread Group 1-29,text,true,,367,155,80,80,http://localhost:8084/?token=466662735&user=1964513752&conf=2,1934,0,0
1621476569195,1945,HTTP Request,200,OK,Thread Group 1-19,text,true,,367,155,79,79,http://localhost:8084/?token=466662735&user=1964513752&conf=2,1945,0,0
1621476569195,1957,HTTP Request,200,OK,Thread Group 1-17,text,true,,367,155,78,78,http://localhost:8084/?token=466662735&user=1964513752&conf=2,1957,0,0
1621476569196,1966,HTTP Request,200,OK,Thread Group 1-18,text,true,,367,155,77,77,http://localhost:8084/?token=466662735&user=1964513752&conf=2,1966,0,0
1621476569196,1978,HTTP Request,200,OK,Thread Group 1-15,text,true,,367,155,76,76,http://localhost:8084/?token=466662735&user=1964513752&conf=2,1978,0,0
1621476569197,1987,HTTP Request,200,OK,Thread Group 1-42,text,true,,367,155,75,75,http://localhost:8084/?token=466662735&user=1964513752&conf=2,1987,0,0
1621476569197,2002,HTTP Request,200,OK,Thread Group 1-40,text,true,,367,155,74,74,http://localhost:8084/?token=466662735&user=1964513752&conf=2,2002,0,0
1621476569198,2008,HTTP Request,200,OK,Thread Group 1-36,text,true,,367,155,73,73,http://localhost:8084/?token=466662735&user=1964513752&conf=2,2008,0,0
1621476569198,2020,HTTP Request,200,OK,Thread Group 1-34,text,true,,367,155,72,72,http://localhost:8084/?token=466662735&user=1964513752&conf=2,2019,0,0
1621476569197,2032,HTTP Request,200,OK,Thread Group 1-39,text,true,,367,155,71,71,http://localhost:8084/?token=466662735&user=1964513752&conf=2,2032,0,0
1621476569197,2043,HTTP Request,200,OK,Thread Group 1-37,text,true,,367,155,70,70,http://localhost:8084/?token=466662735&user=1964513752&conf=2,2043,0,0
1621476569197,2057,HTTP Request,200,OK,Thread Group 1-43,text,true,,367,155,69,69,http://localhost:8084/?token=466662735&user=1964513752&conf=2,2057,0,0
1621476569197,2068,HTTP Request,200,OK,Thread Group 1-38,text,true,,367,155,68,68,http://localhost:8084/?token=466662735&user=1964513752&conf=2,2068,0,0
1621476569197,2080,HTTP Request,200,OK,Thread Group 1-28,text,true,,367,155,67,67,http://localhost:8084/?token=466662735&user=1964513752&conf=2,2080,0,0
1621476569198,2096,HTTP Request,200,OK,Thread Group 1-48,text,true,,367,155,66,66,http://localhost:8084/?token=466662735&user=1964513752&conf=2,2096,0,0
1621476569198,2105,HTTP Request,200,OK,Thread Group 1-46,text,true,,367,155,65,65,http://localhost:8084/?token=466662735&user=1964513752&conf=2,2105,0,0
1621476569198,2115,HTTP Request,200,OK,Thread Group 1-32,text,true,,367,155,64,64,http://localhost:8084/?token=466662735&user=1964513752&conf=2,2115,0,0
1621476569198,2125,HTTP Request,200,OK,Thread Group 1-50,text,true,,367,155,63,63,http://localhost:8084/?token=466662735&user=1964513752&conf=2,2125,0,0
1621476569198,2136,HTTP Request,200,OK,Thread Group 1-47,text,true,,367,155,62,62,http://localhost:8084/?token=466662735&user=1964513752&conf=2,2136,0,0
1621476569199,2147,HTTP Request,200,OK,Thread Group 1-41,text,true,,367,155,61,61,http://localhost:8084/?token=466662735&user=1964513752&conf=2,2147,0,0
1621476569199,2158,HTTP Request,200,OK,Thread Group 1-30,text,true,,367,155,60,60,http://localhost:8084/?token=466662735&user=1964513752&conf=2,2158,0,0
1621476569199,2170,HTTP Request,200,OK,Thread Group 1-51,text,true,,367,155,59,59,http://localhost:8084/?token=466662735&user=1964513752&conf=2,2170,0,0
1621476569199,2183,HTTP Request,200,OK,Thread Group 1-33,text,true,,367,155,58,58,http://localhost:8084/?token=466662735&user=1964513752&conf=2,2183,0,0
1621476569199,2195,HTTP Request,200,OK,Thread Group 1-26,text,true,,367,155,57,57,http://localhost:8084/?token=466662735&user=1964513752&conf=2,2195,0,0
1621476569200,2209,HTTP Request,200,OK,Thread Group 1-53,text,true,,367,155,56,56,http://localhost:8084/?token=466662735&user=1964513752&conf=2,2209,0,0
1621476569200,2220,HTTP Request,200,OK,Thread Group 1-54,text,true,,367,155,55,55,http://localhost:8084/?token=466662735&user=1964513752&conf=2,2220,0,0
1621476569200,2232,HTTP Request,200,OK,Thread Group 1-44,text,true,,367,155,54,54,http://localhost:8084/?token=466662735&user=1964513752&conf=2,2232,0,0
1621476569201,2245,HTTP Request,200,OK,Thread Group 1-58,text,true,,367,155,53,53,http://localhost:8084/?token=466662735&user=1964513752&conf=2,2245,0,0
1621476569200,2258,HTTP Request,200,OK,Thread Group 1-49,text,true,,367,155,52,52,http://localhost:8084/?token=466662735&user=1964513752&conf=2,2258,0,0
1621476569200,2270,HTTP Request,200,OK,Thread Group 1-45,text,true,,367,155,51,51,http://localhost:8084/?token=466662735&user=1964513752&conf=2,2270,0,0
1621476569200,2285,HTTP Request,200,OK,Thread Group 1-52,text,true,,367,155,50,50,http://localhost:8084/?token=466662735&user=1964513752&conf=2,2285,0,0
1621476569201,2298,HTTP Request,200,OK,Thread Group 1-56,text,true,,367,155,49,49,http://localhost:8084/?token=466662735&user=1964513752&conf=2,2298,0,0
1621476569203,2313,HTTP Request,200,OK,Thread Group 1-55,text,true,,367,155,48,48,http://localhost:8084/?token=466662735&user=1964513752&conf=2,2313,0,0
1621476569203,2322,HTTP Request,200,OK,Thread Group 1-65,text,true,,367,155,47,47,http://localhost:8084/?token=466662735&user=1964513752&conf=2,2322,0,0
1621476569204,2341,HTTP Request,200,OK,Thread Group 1-74,text,true,,367,155,46,46,http://localhost:8084/?token=466662735&user=1964513752&conf=2,2341,0,0
1621476569204,2345,HTTP Request,200,OK,Thread Group 1-71,text,true,,367,155,45,45,http://localhost:8084/?token=466662735&user=1964513752&conf=2,2345,0,0
1621476569204,2359,HTTP Request,200,OK,Thread Group 1-61,text,true,,367,155,44,44,http://localhost:8084/?token=466662735&user=1964513752&conf=2,2359,0,0
1621476569205,2371,HTTP Request,200,OK,Thread Group 1-60,text,true,,367,155,43,43,http://localhost:8084/?token=466662735&user=1964513752&conf=2,2371,0,0
1621476569204,2386,HTTP Request,200,OK,Thread Group 1-62,text,true,,367,155,42,42,http://localhost:8084/?token=466662735&user=1964513752&conf=2,2386,0,0
1621476569204,2401,HTTP Request,200,OK,Thread Group 1-73,text,true,,367,155,41,41,http://localhost:8084/?token=466662735&user=1964513752&conf=2,2401,0,0
1621476569204,2414,HTTP Request,200,OK,Thread Group 1-63,text,true,,367,155,40,40,http://localhost:8084/?token=466662735&user=1964513752&conf=2,2414,0,0
1621476569204,2430,HTTP Request,200,OK,Thread Group 1-64,text,true,,367,155,39,39,http://localhost:8084/?token=466662735&user=1964513752&conf=2,2430,0,0
1621476569204,2443,HTTP Request,200,OK,Thread Group 1-59,text,true,,367,155,38,38,http://localhost:8084/?token=466662735&user=1964513752&conf=2,2443,0,0
1621476569204,2456,HTTP Request,200,OK,Thread Group 1-57,text,true,,367,155,37,37,http://localhost:8084/?token=466662735&user=1964513752&conf=2,2456,0,0
1621476569205,2469,HTTP Request,200,OK,Thread Group 1-66,text,true,,367,155,36,36,http://localhost:8084/?token=466662735&user=1964513752&conf=2,2469,0,0
1621476569205,2483,HTTP Request,200,OK,Thread Group 1-75,text,true,,367,155,35,35,http://localhost:8084/?token=466662735&user=1964513752&conf=2,2483,0,0
1621476569205,2497,HTTP Request,200,OK,Thread Group 1-70,text,true,,367,155,34,34,http://localhost:8084/?token=466662735&user=1964513752&conf=2,2497,0,0
1621476569205,2512,HTTP Request,200,OK,Thread Group 1-77,text,true,,367,155,33,33,http://localhost:8084/?token=466662735&user=1964513752&conf=2,2512,0,0
1621476569206,2526,HTTP Request,200,OK,Thread Group 1-69,text,true,,367,155,32,32,http://localhost:8084/?token=466662735&user=1964513752&conf=2,2526,0,0
1621476569206,2540,HTTP Request,200,OK,Thread Group 1-68,text,true,,367,155,31,31,http://localhost:8084/?token=466662735&user=1964513752&conf=2,2540,0,0
1621476569205,2557,HTTP Request,200,OK,Thread Group 1-67,text,true,,367,155,30,30,http://localhost:8084/?token=466662735&user=1964513752&conf=2,2557,0,0
1621476569206,2570,HTTP Request,200,OK,Thread Group 1-72,text,true,,367,155,29,29,http://localhost:8084/?token=466662735&user=1964513752&conf=2,2570,0,0
1621476569206,2587,HTTP Request,200,OK,Thread Group 1-76,text,true,,367,155,28,28,http://localhost:8084/?token=466662735&user=1964513752&conf=2,2587,0,0
1621476569207,2606,HTTP Request,200,OK,Thread Group 1-78,text,true,,367,155,27,27,http://localhost:8084/?token=466662735&user=1964513752&conf=2,2606,0,0
1621476569208,2615,HTTP Request,200,OK,Thread Group 1-82,text,true,,367,155,26,26,http://localhost:8084/?token=466662735&user=1964513752&conf=2,2615,0,0
1621476569208,2637,HTTP Request,200,OK,Thread Group 1-80,text,true,,367,155,25,25,http://localhost:8084/?token=466662735&user=1964513752&conf=2,2637,0,0
1621476569208,2651,HTTP Request,200,OK,Thread Group 1-79,text,true,,367,155,24,24,http://localhost:8084/?token=466662735&user=1964513752&conf=2,2651,0,0
1621476569208,2662,HTTP Request,200,OK,Thread Group 1-84,text,true,,367,155,23,23,http://localhost:8084/?token=466662735&user=1964513752&conf=2,2662,0,0
1621476569208,2676,HTTP Request,200,OK,Thread Group 1-88,text,true,,367,155,22,22,http://localhost:8084/?token=466662735&user=1964513752&conf=2,2676,0,0
1621476569209,2692,HTTP Request,200,OK,Thread Group 1-86,text,true,,367,155,21,21,http://localhost:8084/?token=466662735&user=1964513752&conf=2,2692,0,0
1621476569209,2707,HTTP Request,200,OK,Thread Group 1-85,text,true,,367,155,20,20,http://localhost:8084/?token=466662735&user=1964513752&conf=2,2707,0,0
1621476569209,2721,HTTP Request,200,OK,Thread Group 1-83,text,true,,367,155,19,19,http://localhost:8084/?token=466662735&user=1964513752&conf=2,2721,0,0
1621476569209,2737,HTTP Request,200,OK,Thread Group 1-92,text,true,,367,155,18,18,http://localhost:8084/?token=466662735&user=1964513752&conf=2,2737,0,0
1621476569209,2754,HTTP Request,200,OK,Thread Group 1-93,text,true,,367,155,17,17,http://localhost:8084/?token=466662735&user=1964513752&conf=2,2754,0,0
1621476569210,2769,HTTP Request,200,OK,Thread Group 1-89,text,true,,367,155,16,16,http://localhost:8084/?token=466662735&user=1964513752&conf=2,2769,0,0
1621476569209,2786,HTTP Request,200,OK,Thread Group 1-81,text,true,,367,155,15,15,http://localhost:8084/?token=466662735&user=1964513752&conf=2,2786,0,0
1621476569210,2801,HTTP Request,200,OK,Thread Group 1-91,text,true,,367,155,14,14,http://localhost:8084/?token=466662735&user=1964513752&conf=2,2801,0,0
1621476569212,2816,HTTP Request,200,OK,Thread Group 1-96,text,true,,367,155,13,13,http://localhost:8084/?token=466662735&user=1964513752&conf=2,2816,0,0
1621476569210,2835,HTTP Request,200,OK,Thread Group 1-97,text,true,,367,155,12,12,http://localhost:8084/?token=466662735&user=1964513752&conf=2,2835,0,0
1621476569211,2851,HTTP Request,200,OK,Thread Group 1-90,text,true,,367,155,11,11,http://localhost:8084/?token=466662735&user=1964513752&conf=2,2851,0,0
1621476569212,2867,HTTP Request,200,OK,Thread Group 1-94,text,true,,367,155,10,10,http://localhost:8084/?token=466662735&user=1964513752&conf=2,2867,0,0
1621476569212,2885,HTTP Request,200,OK,Thread Group 1-98,text,true,,367,155,9,9,http://localhost:8084/?token=466662735&user=1964513752&conf=2,2885,0,0
1621476569212,2901,HTTP Request,200,OK,Thread Group 1-95,text,true,,367,155,8,8,http://localhost:8084/?token=466662735&user=1964513752&conf=2,2901,0,0
1621476569212,2918,HTTP Request,200,OK,Thread Group 1-100,text,true,,367,155,7,7,http://localhost:8084/?token=466662735&user=1964513752&conf=2,2918,0,0
1621476569212,2935,HTTP Request,200,OK,Thread Group 1-101,text,true,,367,155,6,6,http://localhost:8084/?token=466662735&user=1964513752&conf=2,2935,0,0
1621476569213,2952,HTTP Request,200,OK,Thread Group 1-105,text,true,,367,155,5,5,http://localhost:8084/?token=466662735&user=1964513752&conf=2,2952,0,0
1621476569213,2971,HTTP Request,200,OK,Thread Group 1-104,text,true,,367,155,4,4,http://localhost:8084/?token=466662735&user=1964513752&conf=2,2971,0,0
1621476569213,2988,HTTP Request,200,OK,Thread Group 1-102,text,true,,367,155,3,3,http://localhost:8084/?token=466662735&user=1964513752&conf=2,2988,0,0
1621476569215,3003,HTTP Request,200,OK,Thread Group 1-103,text,true,,367,155,2,2,http://localhost:8084/?token=466662735&user=1964513752&conf=2,3003,0,0
1621476569210,3027,HTTP Request,200,OK,Thread Group 1-87,text,true,,367,155,1,1,http://localhost:8084/?token=466662735&user=1964513752&conf=2,3027,0,1
